-- Aurora Hotel Plaza Database Backup
-- Date: 2025-12-21 12:19:43
-- Generated by: Administrator

SET FOREIGN_KEY_CHECKS=0;
SET SQL_MODE = "NO_AUTO_VALUE_ON_ZERO";
SET time_zone = "+07:00";

-- Table structure for table `activity_logs`
DROP TABLE IF EXISTS `activity_logs`;
CREATE TABLE `activity_logs` (
  `log_id` int(11) NOT NULL AUTO_INCREMENT,
  `user_id` int(11) DEFAULT NULL,
  `action` varchar(100) NOT NULL,
  `entity_type` varchar(50) DEFAULT NULL,
  `entity_id` int(11) DEFAULT NULL,
  `description` text DEFAULT NULL,
  `ip_address` varchar(45) DEFAULT NULL,
  `user_agent` text DEFAULT NULL,
  `created_at` timestamp NOT NULL DEFAULT current_timestamp(),
  PRIMARY KEY (`log_id`)
) ENGINE=InnoDB AUTO_INCREMENT=5 DEFAULT CHARSET=utf8mb4 COLLATE=utf8mb4_unicode_ci;

-- Dumping data for table `activity_logs`
INSERT INTO `activity_logs` VALUES
('1','7','database_reset',NULL,NULL,'Clean Transactions Data (Sẵn sàng Production)','222.253.191.65',NULL,'2025-12-21 19:16:46'),
('2','7','backup_create',NULL,NULL,'Đã tạo file backup: backup_2025-12-21_12-19-17.sql','222.253.191.65',NULL,'2025-12-21 19:19:17'),
('3','7','backup_delete',NULL,NULL,'Đã xóa file backup: backup_2025-12-21_12-19-17.sql','222.253.191.65',NULL,'2025-12-21 19:19:39'),
('4','7','backup_delete',NULL,NULL,'Đã xóa file backup: backup_2025-12-21_08-29-55.sql','222.253.191.65',NULL,'2025-12-21 19:19:42');

-- Table structure for table `amenities`
DROP TABLE IF EXISTS `amenities`;
CREATE TABLE `amenities` (
  `amenity_id` int(11) NOT NULL AUTO_INCREMENT,
  `amenity_name` varchar(100) NOT NULL,
  `amenity_name_en` varchar(100) DEFAULT NULL,
  `icon` varchar(50) DEFAULT NULL,
  `category` varchar(50) DEFAULT NULL,
  `sort_order` int(11) DEFAULT 0,
  `status` enum('active','inactive') DEFAULT 'active',
  `created_at` timestamp NULL DEFAULT current_timestamp(),
  PRIMARY KEY (`amenity_id`)
) ENGINE=InnoDB DEFAULT CHARSET=utf8mb4 COLLATE=utf8mb4_unicode_ci;

-- Table structure for table `banners`
DROP TABLE IF EXISTS `banners`;
CREATE TABLE `banners` (
  `banner_id` int(11) NOT NULL AUTO_INCREMENT,
  `title` varchar(255) NOT NULL,
  `title_en` varchar(255) DEFAULT NULL,
  `subtitle` varchar(255) DEFAULT NULL,
  `subtitle_en` varchar(255) DEFAULT NULL,
  `image_desktop` varchar(255) NOT NULL,
  `image_mobile` varchar(255) DEFAULT NULL,
  `link_url` varchar(255) DEFAULT NULL,
  `link_text` varchar(100) DEFAULT NULL,
  `link_text_en` varchar(100) DEFAULT NULL,
  `position` enum('hero','sidebar','footer','popup') DEFAULT 'hero',
  `sort_order` int(11) DEFAULT 0,
  `start_date` timestamp NULL DEFAULT NULL,
  `end_date` timestamp NULL DEFAULT NULL,
  `status` enum('active','inactive') DEFAULT 'active',
  `created_at` timestamp NOT NULL DEFAULT current_timestamp(),
  `updated_at` timestamp NOT NULL DEFAULT current_timestamp() ON UPDATE current_timestamp(),
  PRIMARY KEY (`banner_id`)
) ENGINE=InnoDB DEFAULT CHARSET=utf8mb4 COLLATE=utf8mb4_unicode_ci;

-- Table structure for table `blog_categories`
DROP TABLE IF EXISTS `blog_categories`;
CREATE TABLE `blog_categories` (
  `category_id` int(11) NOT NULL,
  `category_name` varchar(100) NOT NULL,
  `slug` varchar(100) NOT NULL,
  `description` text DEFAULT NULL,
  `parent_id` int(11) DEFAULT NULL,
  `sort_order` int(11) DEFAULT 0,
  `created_at` timestamp NOT NULL DEFAULT current_timestamp()
) ENGINE=InnoDB DEFAULT CHARSET=utf8mb4 COLLATE=utf8mb4_unicode_ci;

-- Dumping data for table `blog_categories`
INSERT INTO `blog_categories` VALUES
('6','Tin tức','tin-tuc','Tin tức và sự kiện của khách sạn',NULL,'0','2025-11-17 17:18:49'),
('7','Khuyến mãi','khuyen-mai','Các chương trình khuyến mãi',NULL,'0','2025-11-17 17:18:49'),
('8','Du lịch','du-lich','Thông tin du lịch và điểm đến',NULL,'0','2025-11-17 17:18:49'),
('9','Ẩm thực','am-thuc','Món ăn và nhà hàng',NULL,'0','2025-11-17 17:18:49'),
('10','Hướng dẫn','huong-dan','Hướng dẫn sử dụng dịch vụ',NULL,'0','2025-11-17 17:18:49');

-- Table structure for table `blog_comments`
DROP TABLE IF EXISTS `blog_comments`;
CREATE TABLE `blog_comments` (
  `comment_id` int(11) NOT NULL AUTO_INCREMENT,
  `post_id` int(11) NOT NULL,
  `user_id` int(11) DEFAULT NULL,
  `parent_id` int(11) DEFAULT NULL,
  `author_name` varchar(255) NOT NULL,
  `author_email` varchar(255) NOT NULL,
  `content` text NOT NULL,
  `status` enum('pending','approved','spam','trash') DEFAULT 'pending',
  `ip_address` varchar(45) DEFAULT NULL,
  `created_at` timestamp NOT NULL DEFAULT current_timestamp(),
  `updated_at` timestamp NOT NULL DEFAULT current_timestamp() ON UPDATE current_timestamp(),
  PRIMARY KEY (`comment_id`)
) ENGINE=InnoDB DEFAULT CHARSET=utf8mb4 COLLATE=utf8mb4_unicode_ci;

-- Table structure for table `blog_likes`
DROP TABLE IF EXISTS `blog_likes`;
CREATE TABLE `blog_likes` (
  `like_id` int(11) NOT NULL AUTO_INCREMENT,
  `post_id` int(11) NOT NULL,
  `user_id` int(11) DEFAULT NULL,
  `ip_address` varchar(45) DEFAULT NULL,
  `created_at` timestamp NOT NULL DEFAULT current_timestamp(),
  PRIMARY KEY (`like_id`),
  KEY `idx_post_id` (`post_id`),
  KEY `idx_user_post` (`post_id`,`user_id`),
  KEY `idx_ip_post` (`post_id`,`ip_address`)
) ENGINE=InnoDB AUTO_INCREMENT=4 DEFAULT CHARSET=utf8mb4 COLLATE=utf8mb4_unicode_ci;

-- Dumping data for table `blog_likes`
INSERT INTO `blog_likes` VALUES
('2','3','5','115.74.225.100','2025-12-15 15:49:59'),
('3','4','5','115.74.225.100','2025-12-15 16:20:09');

-- Table structure for table `blog_posts`
DROP TABLE IF EXISTS `blog_posts`;
CREATE TABLE `blog_posts` (
  `post_id` int(11) NOT NULL AUTO_INCREMENT,
  `title` varchar(255) NOT NULL,
  `title_en` varchar(255) DEFAULT NULL,
  `slug` varchar(255) NOT NULL,
  `excerpt` text DEFAULT NULL,
  `excerpt_en` varchar(500) DEFAULT NULL,
  `content` longtext NOT NULL,
  `content_en` text DEFAULT NULL,
  `tags` varchar(500) DEFAULT NULL,
  `layout` enum('standard','hero','sidebar','gallery','slider','apartment','fullwidth','magazine','video','timeline','masonry') DEFAULT 'standard',
  `gallery_images` text DEFAULT NULL,
  `video_url` varchar(500) DEFAULT NULL,
  `is_featured` tinyint(1) DEFAULT 0,
  `allow_comments` tinyint(1) DEFAULT 1,
  `featured_image` varchar(255) DEFAULT NULL,
  `category_id` int(11) DEFAULT NULL,
  `author_id` int(11) NOT NULL,
  `status` enum('draft','published','archived') DEFAULT 'draft',
  `views` int(11) DEFAULT 0,
  `likes_count` int(11) DEFAULT 0,
  `shares_count` int(11) DEFAULT 0,
  `rating_avg` decimal(2,1) DEFAULT 0.0,
  `rating_count` int(11) DEFAULT 0,
  `published_at` timestamp NULL DEFAULT NULL,
  `created_at` timestamp NOT NULL DEFAULT current_timestamp(),
  `updated_at` timestamp NOT NULL DEFAULT current_timestamp() ON UPDATE current_timestamp(),
  PRIMARY KEY (`post_id`)
) ENGINE=InnoDB AUTO_INCREMENT=6 DEFAULT CHARSET=utf8mb4 COLLATE=utf8mb4_unicode_ci;

-- Table structure for table `blog_ratings`
DROP TABLE IF EXISTS `blog_ratings`;
CREATE TABLE `blog_ratings` (
  `rating_id` int(11) NOT NULL AUTO_INCREMENT,
  `post_id` int(11) NOT NULL,
  `user_id` int(11) DEFAULT NULL,
  `ip_address` varchar(45) DEFAULT NULL,
  `rating` tinyint(1) NOT NULL,
  `created_at` timestamp NOT NULL DEFAULT current_timestamp(),
  PRIMARY KEY (`rating_id`),
  KEY `idx_post_id` (`post_id`),
  KEY `idx_user_post` (`post_id`,`user_id`),
  KEY `idx_ip_post` (`post_id`,`ip_address`)
) ENGINE=InnoDB AUTO_INCREMENT=3 DEFAULT CHARSET=utf8mb4 COLLATE=utf8mb4_unicode_ci;

-- Dumping data for table `blog_ratings`
INSERT INTO `blog_ratings` VALUES
('1','3','5','115.74.225.100','5','2025-12-15 15:49:07'),
('2','4','5','115.74.225.100','5','2025-12-15 16:20:09');

-- Table structure for table `blog_shares`
DROP TABLE IF EXISTS `blog_shares`;
CREATE TABLE `blog_shares` (
  `share_id` int(11) NOT NULL AUTO_INCREMENT,
  `post_id` int(11) NOT NULL,
  `user_id` int(11) DEFAULT NULL,
  `platform` varchar(50) DEFAULT 'other',
  `ip_address` varchar(45) DEFAULT NULL,
  `created_at` timestamp NOT NULL DEFAULT current_timestamp(),
  PRIMARY KEY (`share_id`),
  KEY `idx_post_id` (`post_id`)
) ENGINE=InnoDB DEFAULT CHARSET=utf8mb4 COLLATE=utf8mb4_unicode_ci;

-- Table structure for table `booking_extra_guests`
DROP TABLE IF EXISTS `booking_extra_guests`;
CREATE TABLE `booking_extra_guests` (
  `id` int(11) NOT NULL AUTO_INCREMENT,
  `booking_id` int(11) NOT NULL,
  `guest_type` enum('adult','child_over_1m3','child_1m_1m3','child_under_1m','infant') NOT NULL,
  `guest_name` varchar(255) DEFAULT NULL,
  `height_cm` decimal(5,2) DEFAULT NULL,
  `age` int(11) DEFAULT NULL,
  `fee` decimal(12,2) NOT NULL DEFAULT 0.00,
  `includes_breakfast` tinyint(1) DEFAULT 1,
  `created_at` timestamp NULL DEFAULT current_timestamp(),
  PRIMARY KEY (`id`),
  KEY `idx_booking` (`booking_id`)
) ENGINE=InnoDB DEFAULT CHARSET=utf8mb4 COLLATE=utf8mb4_unicode_ci;

-- Table structure for table `booking_history`
DROP TABLE IF EXISTS `booking_history`;
CREATE TABLE `booking_history` (
  `history_id` int(11) NOT NULL AUTO_INCREMENT,
  `booking_id` int(11) NOT NULL,
  `old_status` varchar(50) DEFAULT NULL,
  `new_status` varchar(50) NOT NULL,
  `changed_by` int(11) DEFAULT NULL,
  `notes` text DEFAULT NULL,
  `created_at` timestamp NOT NULL DEFAULT current_timestamp(),
  PRIMARY KEY (`history_id`)
) ENGINE=InnoDB DEFAULT CHARSET=utf8mb4 COLLATE=utf8mb4_unicode_ci;

-- Table structure for table `bookings`
DROP TABLE IF EXISTS `bookings`;
CREATE TABLE `bookings` (
  `booking_id` int(11) NOT NULL AUTO_INCREMENT,
  `booking_code` varchar(20) NOT NULL,
  `booking_type` enum('instant','inquiry') DEFAULT 'instant',
  `user_id` int(11) NOT NULL,
  `room_type_id` int(11) NOT NULL,
  `room_id` int(11) DEFAULT NULL,
  `check_in_date` date NOT NULL,
  `check_out_date` date NOT NULL,
  `num_adults` int(11) NOT NULL DEFAULT 1,
  `num_children` int(11) DEFAULT 0,
  `num_rooms` int(11) NOT NULL DEFAULT 1,
  `total_nights` int(11) NOT NULL,
  `room_price` decimal(10,2) NOT NULL,
  `service_charges` decimal(10,2) DEFAULT 0.00,
  `discount_amount` decimal(10,2) DEFAULT 0.00,
  `points_used` int(11) DEFAULT 0,
  `total_amount` decimal(10,2) NOT NULL,
  `special_requests` text DEFAULT NULL,
  `inquiry_message` text DEFAULT NULL,
  `duration_type` varchar(50) DEFAULT NULL,
  `guest_name` varchar(255) NOT NULL,
  `guest_email` varchar(255) NOT NULL,
  `guest_phone` varchar(20) NOT NULL,
  `guest_id_number` varchar(50) DEFAULT NULL,
  `status` enum('pending','confirmed','checked_in','checked_out','cancelled','no_show') DEFAULT 'pending',
  `payment_status` enum('unpaid','partial','paid','refunded') DEFAULT 'unpaid',
  `qr_code` varchar(255) DEFAULT NULL,
  `confirmation_sent` tinyint(1) DEFAULT 0,
  `checked_in_at` timestamp NULL DEFAULT NULL,
  `checked_out_at` timestamp NULL DEFAULT NULL,
  `checked_in_by` int(11) DEFAULT NULL,
  `cancelled_at` timestamp NULL DEFAULT NULL,
  `cancelled_by` int(11) DEFAULT NULL,
  `cancellation_reason` text DEFAULT NULL,
  `created_at` timestamp NOT NULL DEFAULT current_timestamp(),
  `updated_at` timestamp NOT NULL DEFAULT current_timestamp() ON UPDATE current_timestamp(),
  `occupancy_type` enum('single','double','family') DEFAULT 'double',
  `extra_guest_fee` decimal(12,2) DEFAULT 0.00,
  `extra_bed_fee` decimal(12,2) DEFAULT 0.00,
  `extra_beds` int(11) DEFAULT 0,
  `short_stay_hours` int(11) DEFAULT NULL,
  `expected_checkin_time` time DEFAULT NULL,
  `expected_checkout_time` time DEFAULT NULL,
  `price_type_used` enum('published','single','double','short_stay','daily','weekly') DEFAULT 'double',
  PRIMARY KEY (`booking_id`),
  KEY `idx_bookings_dates` (`check_in_date`,`check_out_date`),
  KEY `idx_bookings_status` (`status`,`payment_status`)
) ENGINE=InnoDB DEFAULT CHARSET=utf8mb4 COLLATE=utf8mb4_unicode_ci;

-- Table structure for table `chat_conversations`
DROP TABLE IF EXISTS `chat_conversations`;
CREATE TABLE `chat_conversations` (
  `conversation_id` int(11) NOT NULL,
  `customer_id` int(11) NOT NULL,
  `staff_id` int(11) DEFAULT NULL,
  `status` enum('open','assigned','closed') DEFAULT 'open',
  `locked_by` int(11) DEFAULT NULL,
  `locked_at` timestamp NULL DEFAULT NULL,
  `last_message_at` timestamp NULL DEFAULT NULL,
  `created_at` timestamp NOT NULL DEFAULT current_timestamp(),
  `updated_at` timestamp NOT NULL DEFAULT current_timestamp() ON UPDATE current_timestamp()
) ENGINE=InnoDB DEFAULT CHARSET=utf8mb4 COLLATE=utf8mb4_unicode_ci;

-- Table structure for table `chat_messages`
DROP TABLE IF EXISTS `chat_messages`;
CREATE TABLE `chat_messages` (
  `message_id` int(11) NOT NULL,
  `conversation_id` int(11) NOT NULL,
  `sender_id` int(11) NOT NULL,
  `message` text NOT NULL,
  `attachment` varchar(255) DEFAULT NULL,
  `is_read` tinyint(1) DEFAULT 0,
  `read_at` timestamp NULL DEFAULT NULL,
  `created_at` timestamp NOT NULL DEFAULT current_timestamp()
) ENGINE=InnoDB DEFAULT CHARSET=utf8mb4 COLLATE=utf8mb4_unicode_ci;

-- Table structure for table `contact_submissions`
DROP TABLE IF EXISTS `contact_submissions`;
CREATE TABLE `contact_submissions` (
  `id` int(11) NOT NULL AUTO_INCREMENT,
  `contact_code` varchar(20) DEFAULT NULL,
  `submission_id` int(11) NOT NULL,
  `name` varchar(255) NOT NULL,
  `email` varchar(255) NOT NULL,
  `phone` varchar(20) DEFAULT NULL,
  `subject` varchar(255) DEFAULT NULL,
  `message` text NOT NULL,
  `status` enum('new','in_progress','resolved','closed') DEFAULT 'new',
  `assigned_to` int(11) DEFAULT NULL,
  `ip_address` varchar(45) DEFAULT NULL,
  `user_id` int(11) DEFAULT NULL,
  `created_at` timestamp NOT NULL DEFAULT current_timestamp(),
  `updated_at` timestamp NOT NULL DEFAULT current_timestamp() ON UPDATE current_timestamp(),
  PRIMARY KEY (`id`),
  KEY `idx_contact_user_id` (`user_id`)
) ENGINE=InnoDB DEFAULT CHARSET=utf8mb4 COLLATE=utf8mb4_unicode_ci;

-- Table structure for table `csrf_tokens`
DROP TABLE IF EXISTS `csrf_tokens`;
CREATE TABLE `csrf_tokens` (
  `token_id` int(11) NOT NULL,
  `user_id` int(11) DEFAULT NULL,
  `token` varchar(255) NOT NULL,
  `expires_at` timestamp NOT NULL DEFAULT current_timestamp() ON UPDATE current_timestamp(),
  `created_at` timestamp NOT NULL DEFAULT current_timestamp()
) ENGINE=InnoDB DEFAULT CHARSET=utf8mb4 COLLATE=utf8mb4_unicode_ci;

-- Table structure for table `email_logs`
DROP TABLE IF EXISTS `email_logs`;
CREATE TABLE `email_logs` (
  `email_log_id` int(11) NOT NULL AUTO_INCREMENT,
  `recipient` varchar(255) NOT NULL,
  `subject` varchar(255) NOT NULL,
  `template` varchar(100) DEFAULT NULL,
  `status` enum('sent','failed','pending') DEFAULT 'pending',
  `error_message` text DEFAULT NULL,
  `sent_at` timestamp NULL DEFAULT NULL,
  `created_at` timestamp NOT NULL DEFAULT current_timestamp(),
  PRIMARY KEY (`email_log_id`)
) ENGINE=InnoDB DEFAULT CHARSET=utf8mb4 COLLATE=utf8mb4_unicode_ci;

-- Table structure for table `faqs`
DROP TABLE IF EXISTS `faqs`;
CREATE TABLE `faqs` (
  `faq_id` int(11) NOT NULL,
  `question` varchar(255) NOT NULL,
  `question_en` text DEFAULT NULL,
  `answer` text NOT NULL,
  `answer_en` text DEFAULT NULL,
  `category` varchar(50) DEFAULT NULL,
  `sort_order` int(11) DEFAULT 0,
  `status` enum('active','inactive') DEFAULT 'active',
  `views` int(11) DEFAULT 0,
  `created_at` timestamp NOT NULL DEFAULT current_timestamp(),
  `updated_at` timestamp NOT NULL DEFAULT current_timestamp() ON UPDATE current_timestamp()
) ENGINE=InnoDB DEFAULT CHARSET=utf8mb4 COLLATE=utf8mb4_unicode_ci;

-- Table structure for table `floor_maintenance`
DROP TABLE IF EXISTS `floor_maintenance`;
CREATE TABLE `floor_maintenance` (
  `id` int(11) NOT NULL AUTO_INCREMENT,
  `floor` int(11) NOT NULL,
  `is_maintenance` tinyint(1) NOT NULL DEFAULT 0,
  `maintenance_note` text DEFAULT NULL,
  `start_date` date DEFAULT NULL,
  `end_date` date DEFAULT NULL,
  `created_by` int(11) DEFAULT NULL,
  `created_at` timestamp NOT NULL DEFAULT current_timestamp(),
  `updated_at` timestamp NOT NULL DEFAULT current_timestamp() ON UPDATE current_timestamp(),
  PRIMARY KEY (`id`),
  UNIQUE KEY `unique_floor` (`floor`),
  KEY `fk_floor_maintenance_user` (`created_by`),
  CONSTRAINT `fk_floor_maintenance_user` FOREIGN KEY (`created_by`) REFERENCES `users` (`user_id`) ON DELETE SET NULL
) ENGINE=InnoDB AUTO_INCREMENT=19 DEFAULT CHARSET=utf8mb4 COLLATE=utf8mb4_unicode_ci;

-- Dumping data for table `floor_maintenance`
INSERT INTO `floor_maintenance` VALUES
('1','7','0',NULL,NULL,NULL,'7','2025-12-15 12:28:46','2025-12-18 21:01:25'),
('2','8','0',NULL,NULL,NULL,NULL,'2025-12-15 12:28:46','2025-12-15 13:59:46'),
('3','9','0',NULL,NULL,NULL,'7','2025-12-15 12:28:46','2025-12-21 14:17:09'),
('4','10','0',NULL,NULL,NULL,'7','2025-12-15 12:28:46','2025-12-21 14:17:15'),
('5','11','0',NULL,NULL,NULL,'7','2025-12-15 12:28:46','2025-12-21 14:17:02'),
('6','12','0',NULL,NULL,NULL,'7','2025-12-15 12:28:46','2025-12-21 14:16:56');

-- Table structure for table `gallery`
DROP TABLE IF EXISTS `gallery`;
CREATE TABLE `gallery` (
  `gallery_id` int(11) NOT NULL AUTO_INCREMENT,
  `title` varchar(255) NOT NULL,
  `description` text DEFAULT NULL,
  `image_url` varchar(255) NOT NULL,
  `thumbnail_url` varchar(255) DEFAULT NULL,
  `category` varchar(50) DEFAULT NULL,
  `sort_order` int(11) DEFAULT 0,
  `status` enum('active','inactive') DEFAULT 'active',
  `uploaded_by` int(11) DEFAULT NULL,
  `created_at` timestamp NOT NULL DEFAULT current_timestamp(),
  PRIMARY KEY (`gallery_id`)
) ENGINE=InnoDB AUTO_INCREMENT=83 DEFAULT CHARSET=utf8mb4 COLLATE=utf8mb4_unicode_ci;

-- Dumping data for table `gallery`
INSERT INTO `gallery` VALUES
('1','Phòng Deluxe','Phòng Deluxe sang trọng với đầy đủ tiện nghi','assets/img/deluxe/deluxe-room-aurora-1.jpg',NULL,'rooms','1','active',NULL,'2025-12-14 09:33:32'),
('2','Phòng Deluxe - Góc nhìn','Góc nhìn tổng quan phòng Deluxe','assets/img/deluxe/deluxe-room-aurora-2.jpg',NULL,'rooms','2','active',NULL,'2025-12-14 09:33:32'),
('3','Phòng Deluxe - Nội thất','Nội thất phòng Deluxe hiện đại','assets/img/deluxe/deluxe-room-aurora-3.jpg',NULL,'rooms','3','active',NULL,'2025-12-14 09:33:32'),
('4','Phòng Deluxe - Giường','Giường ngủ êm ái phòng Deluxe','assets/img/deluxe/deluxe-room-aurora-4.jpg',NULL,'rooms','4','active',NULL,'2025-12-14 09:33:32'),
('5','Phòng Deluxe - Phòng tắm','Phòng tắm sang trọng','assets/img/deluxe/deluxe-room-aurora-5.jpg',NULL,'rooms','5','active',NULL,'2025-12-14 09:33:32'),
('6','Phòng Deluxe - Tiện nghi','Tiện nghi đầy đủ trong phòng','assets/img/deluxe/deluxe-room-aurora-6.jpg',NULL,'rooms','6','active',NULL,'2025-12-14 09:33:32'),
('7','Phòng Deluxe - Giường đôi','Phòng Deluxe với giường đôi','assets/img/deluxe/deluxe-room-aurora-7.jpg',NULL,'rooms','7','active',NULL,'2025-12-14 09:33:32'),
('8','Phòng Deluxe - View','View đẹp từ phòng Deluxe','assets/img/deluxe/deluxe-room-aurora-8.jpg',NULL,'rooms','8','active',NULL,'2025-12-14 09:33:32'),
('9','Phòng Deluxe - Không gian','Không gian rộng rãi phòng Deluxe','assets/img/deluxe/deluxe-room-aurora-9.jpg',NULL,'rooms','9','active',NULL,'2025-12-14 09:33:32'),
('10','Phòng Deluxe - Toàn cảnh','Toàn cảnh phòng Deluxe','assets/img/deluxe/deluxe-room-aurora-10.jpg',NULL,'rooms','10','active',NULL,'2025-12-14 09:33:32'),
('11','Premium Deluxe','Phòng Premium Deluxe cao cấp','assets/img/premium-deluxe/premium-deluxe-aurora-hotel-1.jpg',NULL,'rooms','11','active',NULL,'2025-12-14 09:33:32'),
('12','Premium Deluxe - Nội thất','Nội thất Premium Deluxe','assets/img/premium-deluxe/premium-deluxe-aurora-hotel-2.jpg',NULL,'rooms','12','active',NULL,'2025-12-14 09:33:32'),
('13','Premium Deluxe - Giường','Giường ngủ Premium Deluxe','assets/img/premium-deluxe/premium-deluxe-aurora-hotel-3.jpg',NULL,'rooms','13','active',NULL,'2025-12-14 09:33:32'),
('14','Premium Deluxe - View','View từ phòng Premium Deluxe','assets/img/premium-deluxe/premium-deluxe-aurora-hotel-5.jpg',NULL,'rooms','14','active',NULL,'2025-12-14 09:33:32'),
('15','Premium Deluxe - Phòng tắm','Phòng tắm Premium Deluxe','assets/img/premium-deluxe/premium-deluxe-aurora-hotel-6.jpg',NULL,'rooms','15','active',NULL,'2025-12-14 09:33:32'),
('16','Premium Twin','Phòng Premium Twin 2 giường','assets/img/premium-twin/premium-deluxe-twin-aurora-1.jpg',NULL,'rooms','16','active',NULL,'2025-12-14 09:33:32'),
('17','Premium Twin - Giường đôi','Hai giường đơn Premium Twin','assets/img/premium-twin/premium-deluxe-twin-aurora-2.jpg',NULL,'rooms','17','active',NULL,'2025-12-14 09:33:32'),
('18','Premium Twin - Nội thất','Nội thất phòng Premium Twin','assets/img/premium-twin/premium-deluxe-twin-aurora-3.jpg',NULL,'rooms','18','active',NULL,'2025-12-14 09:33:32'),
('19','Phòng VIP','Phòng VIP đẳng cấp nhất','assets/img/vip/vip-room-aurora-hotel-1.jpg',NULL,'rooms','19','active',NULL,'2025-12-14 09:33:32'),
('20','Phòng VIP - Sang trọng','Không gian sang trọng phòng VIP','assets/img/vip/vip-room-aurora-hotel-3.jpg',NULL,'rooms','20','active',NULL,'2025-12-14 09:33:32'),
('21','Phòng VIP - Nội thất','Nội thất cao cấp phòng VIP','assets/img/vip/vip-room-aurora-hotel-4.jpg',NULL,'rooms','21','active',NULL,'2025-12-14 09:33:32'),
('22','Phòng VIP - Phòng khách','Phòng khách riêng VIP','assets/img/vip/vip-room-aurora-hotel-5.jpg',NULL,'rooms','22','active',NULL,'2025-12-14 09:33:32'),
('23','Phòng VIP - Phòng tắm','Phòng tắm VIP sang trọng','assets/img/vip/vip-room-aurora-hotel-6.jpg',NULL,'rooms','23','active',NULL,'2025-12-14 09:33:32'),
('24','Căn hộ Studio','Căn hộ Studio tiện nghi','assets/img/studio-apartment/can-ho-studio-aurora-hotel-1.jpg',NULL,'apartments','24','active',NULL,'2025-12-14 09:33:32'),
('25','Studio - Phòng khách','Phòng khách căn hộ Studio','assets/img/studio-apartment/can-ho-studio-aurora-hotel-2.jpg',NULL,'apartments','25','active',NULL,'2025-12-14 09:33:32'),
('26','Studio - Bếp','Bếp đầy đủ tiện nghi','assets/img/studio-apartment/can-ho-studio-aurora-hotel-3.jpg',NULL,'apartments','26','active',NULL,'2025-12-14 09:33:32'),
('27','Căn hộ Family','Căn hộ Family rộng rãi','assets/img/family-apartment/can-ho-family-aurora-hotel-3.jpg',NULL,'apartments','27','active',NULL,'2025-12-14 09:33:32'),
('28','Family - Phòng ngủ','Phòng ngủ căn hộ Family','assets/img/family-apartment/can-ho-family-aurora-hotel-5.jpg',NULL,'apartments','28','active',NULL,'2025-12-14 09:33:32'),
('29','Family - Phòng khách','Phòng khách căn hộ Family','assets/img/family-apartment/can-ho-family-aurora-hotel-6.jpg',NULL,'apartments','29','active',NULL,'2025-12-14 09:33:32'),
('30','Căn hộ Premium','Căn hộ Premium cao cấp','assets/img/premium-apartment/can-ho-premium-aurora-hotel-1.jpg',NULL,'apartments','30','active',NULL,'2025-12-14 09:33:32'),
('31','Premium - Nội thất','Nội thất căn hộ Premium','assets/img/premium-apartment/can-ho-premium-aurora-hotel-2.jpg',NULL,'apartments','31','active',NULL,'2025-12-14 09:33:32'),
('32','Premium - Phòng ngủ','Phòng ngủ căn hộ Premium','assets/img/premium-apartment/can-ho-premium-aurora-hotel-3.jpg',NULL,'apartments','32','active',NULL,'2025-12-14 09:33:32'),
('33','Indochine Family','Căn hộ phong cách Indochine','assets/img/indochine-family-apartment/indochine-family-apartment-1.jpg',NULL,'apartments','33','active',NULL,'2025-12-14 09:33:32'),
('34','Indochine - Phong cách','Phong cách Đông Dương đặc trưng','assets/img/indochine-family-apartment/indochine-family-apartment-2.jpg',NULL,'apartments','34','active',NULL,'2025-12-14 09:33:32'),
('35','Indochine - Nội thất','Nội thất Indochine tinh tế','assets/img/indochine-family-apartment/indochine-family-apartment-3.jpg',NULL,'apartments','35','active',NULL,'2025-12-14 09:33:32'),
('36','Indochine Studio','Căn hộ Studio Indochine','assets/img/indochine-studio-apartment/indochine-studio-apartment-1.jpg',NULL,'apartments','36','active',NULL,'2025-12-14 09:33:32'),
('37','Modern Studio','Căn hộ Studio hiện đại','assets/img/modern-studio-apartment/modern-studio-apartment-1.jpg',NULL,'apartments','37','active',NULL,'2025-12-14 09:33:32'),
('38','Modern - Thiết kế','Thiết kế hiện đại','assets/img/modern-studio-apartment/modern-studio-apartment-2.jpg',NULL,'apartments','38','active',NULL,'2025-12-14 09:33:32'),
('39','Modern Premium','Căn hộ Premium hiện đại','assets/img/modern-premium-apartment/modern-premium-apartment-1.jpg',NULL,'apartments','39','active',NULL,'2025-12-14 09:33:32'),
('40','Classical Family','Căn hộ phong cách cổ điển','assets/img/classical-family-apartment/classical-family-apartment1.jpg',NULL,'apartments','40','active',NULL,'2025-12-14 09:33:32'),
('41','Classical - Cổ điển','Nét đẹp cổ điển sang trọng','assets/img/classical-family-apartment/classical-family-apartment2.jpg',NULL,'apartments','41','active',NULL,'2025-12-14 09:33:32'),
('42','Nhà hàng Aurora','Nhà hàng sang trọng Aurora','assets/img/restaurant/nha-hang-aurora-hotel-1.jpg',NULL,'restaurant','42','active',NULL,'2025-12-14 09:33:32'),
('43','Không gian nhà hàng','Không gian ẩm thực đẳng cấp','assets/img/restaurant/nha-hang-aurora-hotel-2.jpg',NULL,'restaurant','43','active',NULL,'2025-12-14 09:33:32'),
('44','Khu vực ăn uống','Khu vực ăn uống thoáng đãng','assets/img/restaurant/nha-hang-aurora-hotel-3.jpg',NULL,'restaurant','44','active',NULL,'2025-12-14 09:33:32'),
('45','Buffet sáng','Buffet sáng phong phú','assets/img/restaurant/nha-hang-aurora-hotel-4.jpg',NULL,'restaurant','45','active',NULL,'2025-12-14 09:33:32'),
('46','Bàn tiệc','Bàn tiệc sang trọng','assets/img/restaurant/nha-hang-aurora-hotel-5.jpg',NULL,'restaurant','46','active',NULL,'2025-12-14 09:33:32'),
('47','Nội thất nhà hàng','Nội thất nhà hàng tinh tế','assets/img/restaurant/nha-hang-aurora-hotel-6.jpg',NULL,'restaurant','47','active',NULL,'2025-12-14 09:33:32'),
('48','Khu vực VIP','Khu vực VIP riêng tư','assets/img/restaurant/nha-hang-aurora-hotel-7.jpg',NULL,'restaurant','48','active',NULL,'2025-12-14 09:33:32'),
('49','Quầy bar','Quầy bar hiện đại','assets/img/restaurant/nha-hang-aurora-hotel-8.jpg',NULL,'restaurant','49','active',NULL,'2025-12-14 09:33:32'),
('50','Góc nhìn nhà hàng','Góc nhìn đẹp nhà hàng','assets/img/restaurant/nha-hang-aurora-hotel-9.jpg',NULL,'restaurant','50','active',NULL,'2025-12-14 09:33:32'),
('51','Tiệc buffet','Tiệc buffet đa dạng','assets/img/restaurant/nha-hang-aurora-hotel-10.jpg',NULL,'restaurant','51','active',NULL,'2025-12-14 09:33:32'),
('52','Khu vực buffet','Khu vực buffet rộng rãi','assets/img/restaurant/nha-hang-aurora-hotel-11.jpg',NULL,'restaurant','52','active',NULL,'2025-12-14 09:33:32'),
('53','Toàn cảnh nhà hàng','Toàn cảnh nhà hàng Aurora','assets/img/restaurant/nha-hang-aurora-hotel-14.jpg',NULL,'restaurant','53','active',NULL,'2025-12-14 09:33:32'),
('54','Lễ tân','Quầy lễ tân chuyên nghiệp','assets/img/src/ui/horizontal/le_tan_aurora.jpg',NULL,'facilities','54','active',NULL,'2025-12-14 09:33:32'),
('55','Sảnh khách sạn','Sảnh đón tiếp sang trọng','assets/img/src/ui/horizontal/sanh-khach-san-aurora.jpg',NULL,'facilities','55','active',NULL,'2025-12-14 09:33:32'),
('56','Phòng Studio','Phòng Studio tiện nghi','assets/img/src/ui/horizontal/phong-studio-khach-san-aurora-bien-hoa.jpg',NULL,'facilities','56','active',NULL,'2025-12-14 09:33:32'),
('57','Phòng Gym','Phòng tập Gym hiện đại','assets/img/service/gym/gym-aurora-hotel-1.jpg',NULL,'facilities','57','active',NULL,'2025-12-14 09:33:32'),
('58','Thiết bị Gym','Thiết bị tập luyện chất lượng','assets/img/service/gym/gym-aurora-hotel-2.jpg',NULL,'facilities','58','active',NULL,'2025-12-14 09:33:32'),
('59','Khu vực tập luyện','Khu vực tập luyện rộng rãi','assets/img/service/gym/gym-aurora-hotel-3.jpg',NULL,'facilities','59','active',NULL,'2025-12-14 09:33:32'),
('60','Hồ bơi','Hồ bơi ngoài trời','assets/img/service/pool/pool.jpg',NULL,'facilities','60','active',NULL,'2025-12-14 09:33:32'),
('61','Văn phòng cho thuê','Văn phòng cho thuê chuyên nghiệp','assets/img/service/office/van-phong-cho-thue-aurora-1.jpg',NULL,'facilities','61','active',NULL,'2025-12-14 09:33:32'),
('62','Không gian làm việc','Không gian làm việc hiện đại','assets/img/service/office/van-phong-cho-thue-aurora-2.jpg',NULL,'facilities','62','active',NULL,'2025-12-14 09:33:32'),
('63','Phòng họp','Phòng họp đầy đủ tiện nghi','assets/img/service/office/van-phong-cho-thue-aurora-3.jpg',NULL,'facilities','63','active',NULL,'2025-12-14 09:33:32'),
('64','Tiệc cưới Aurora','Tiệc cưới sang trọng tại Aurora','assets/img/post/wedding/tiec-cuoi-tai-aurora-1.jpg',NULL,'events','64','active',NULL,'2025-12-14 09:33:32'),
('65','Sảnh tiệc cưới','Sảnh tiệc cưới rộng lớn','assets/img/post/wedding/tiec-cuoi-tai-aurora-2.jpg',NULL,'events','65','active',NULL,'2025-12-14 09:33:32'),
('66','Trang trí tiệc cưới','Trang trí tiệc cưới tinh tế','assets/img/post/wedding/tiec-cuoi-tai-aurora-3.jpg',NULL,'events','66','active',NULL,'2025-12-14 09:33:32'),
('67','Bàn tiệc cưới','Bàn tiệc cưới sang trọng','assets/img/post/wedding/tiec-cuoi-tai-aurora-4.jpg',NULL,'events','67','active',NULL,'2025-12-14 09:33:32'),
('68','Không gian tiệc cưới','Không gian tiệc cưới lãng mạn','assets/img/post/wedding/tiec-cuoi-tai-aurora-5.jpg',NULL,'events','68','active',NULL,'2025-12-14 09:33:32'),
('69','Sân khấu tiệc cưới','Sân khấu tiệc cưới hoành tráng','assets/img/post/wedding/tiec-cuoi-tai-aurora-6.jpg',NULL,'events','69','active',NULL,'2025-12-14 09:33:32'),
('70','Tiệc cưới sang trọng','Tiệc cưới đẳng cấp 5 sao','assets/img/post/wedding/tiec-cuoi-tai-aurora-7.jpg',NULL,'events','70','active',NULL,'2025-12-14 09:33:32'),
('71','Tiệc cưới hoành tráng','Tiệc cưới quy mô lớn','assets/img/post/wedding/tiec-cuoi-tai-aurora-8.jpg',NULL,'events','71','active',NULL,'2025-12-14 09:33:32'),
('72','Tiệc cưới đẳng cấp','Tiệc cưới phong cách hiện đại','assets/img/post/wedding/tiec-cuoi-tai-aurora-9.jpg',NULL,'events','72','active',NULL,'2025-12-14 09:33:32'),
('73','Tiệc cưới lãng mạn','Tiệc cưới lãng mạn và ấm cúng','assets/img/post/wedding/tiec-cuoi-tai-aurora-10.jpg',NULL,'events','73','active',NULL,'2025-12-14 09:33:32'),
('74','Phòng hội nghị','Phòng hội nghị chuyên nghiệp','assets/img/src/ui/horizontal/hoi-nghi-khach-san-o-bien-hoa.jpg',NULL,'events','74','active',NULL,'2025-12-14 09:33:32'),
('75','Sự kiện hội nghị','Tổ chức sự kiện hội nghị','assets/img/src/ui/horizontal/hoi-nghi-aurora-8.jpg',NULL,'events','75','active',NULL,'2025-12-14 09:33:32'),
('76','Hội nghị Aurora','Hội nghị tại Aurora Hotel','assets/img/service/meet/hoi-nghi-aurora-5.jpg',NULL,'events','76','active',NULL,'2025-12-14 09:33:32'),
('77','Phòng họp lớn','Phòng họp quy mô lớn','assets/img/service/meet/hoi-nghi-aurora-6.jpg',NULL,'events','77','active',NULL,'2025-12-14 09:33:32'),
('78','Aurora Hotel Plaza','Toàn cảnh Aurora Hotel Plaza','assets/img/hero-banner/aurora-hotel-bien-hoa-1.jpg',NULL,'exterior','78','active',NULL,'2025-12-14 09:33:32'),
('79','Mặt tiền khách sạn','Mặt tiền khách sạn ấn tượng','assets/img/hero-banner/aurora-hotel-bien-hoa-2.jpg',NULL,'exterior','79','active',NULL,'2025-12-14 09:33:32'),
('80','Khách sạn về đêm','Aurora Hotel lung linh về đêm','assets/img/hero-banner/aurora-hotel-bien-hoa-3.jpg',NULL,'exterior','80','active',NULL,'2025-12-14 09:33:32'),
('81','Toàn cảnh Aurora','Toàn cảnh khách sạn từ xa','assets/img/hero-banner/aurora-hotel-bien-hoa-4.jpg',NULL,'exterior','81','active',NULL,'2025-12-14 09:33:32'),
('82','Cafe Aurora','Quán cafe Aurora Hotel','assets/img/hero-banner/caffe-aurora-hotel-1.jpg',NULL,'exterior','82','active',NULL,'2025-12-14 09:33:32');

-- Table structure for table `membership_tiers`
DROP TABLE IF EXISTS `membership_tiers`;
CREATE TABLE `membership_tiers` (
  `tier_id` int(11) NOT NULL,
  `tier_name` varchar(50) NOT NULL,
  `tier_name_en` varchar(50) DEFAULT NULL,
  `tier_level` int(11) NOT NULL,
  `min_points` int(11) NOT NULL DEFAULT 0,
  `discount_percentage` decimal(5,2) DEFAULT 0.00,
  `benefits` text DEFAULT NULL,
  `benefits_en` text DEFAULT NULL,
  `color_code` varchar(7) DEFAULT '#000000',
  `icon` varchar(255) DEFAULT NULL,
  `created_at` timestamp NOT NULL DEFAULT current_timestamp()
) ENGINE=InnoDB DEFAULT CHARSET=utf8mb4 COLLATE=utf8mb4_unicode_ci;

-- Table structure for table `notifications`
DROP TABLE IF EXISTS `notifications`;
CREATE TABLE `notifications` (
  `notification_id` int(11) NOT NULL,
  `user_id` int(11) NOT NULL,
  `type` varchar(50) NOT NULL,
  `title` varchar(255) NOT NULL,
  `message` text NOT NULL,
  `link` varchar(255) DEFAULT NULL,
  `icon` varchar(50) DEFAULT NULL,
  `is_read` tinyint(1) DEFAULT 0,
  `read_at` timestamp NULL DEFAULT NULL,
  `created_at` timestamp NOT NULL DEFAULT current_timestamp()
) ENGINE=InnoDB DEFAULT CHARSET=utf8mb4 COLLATE=utf8mb4_unicode_ci;

-- Table structure for table `page_content`
DROP TABLE IF EXISTS `page_content`;
CREATE TABLE `page_content` (
  `content_id` int(11) NOT NULL,
  `page_name` varchar(100) NOT NULL,
  `section_name` varchar(100) NOT NULL,
  `content_key` varchar(100) NOT NULL,
  `content_value` text NOT NULL,
  `content_type` enum('text','html','image','json') DEFAULT 'text',
  `language` varchar(5) DEFAULT 'vi',
  `updated_by` int(11) DEFAULT NULL,
  `created_at` timestamp NOT NULL DEFAULT current_timestamp(),
  `updated_at` timestamp NOT NULL DEFAULT current_timestamp() ON UPDATE current_timestamp()
) ENGINE=InnoDB DEFAULT CHARSET=utf8mb4 COLLATE=utf8mb4_unicode_ci;

-- Table structure for table `password_resets`
DROP TABLE IF EXISTS `password_resets`;
CREATE TABLE `password_resets` (
  `reset_id` int(11) NOT NULL AUTO_INCREMENT,
  `user_id` int(11) NOT NULL,
  `token` varchar(255) NOT NULL,
  `expires_at` timestamp NOT NULL DEFAULT current_timestamp() ON UPDATE current_timestamp(),
  `used` tinyint(1) DEFAULT 0,
  `created_at` timestamp NOT NULL DEFAULT current_timestamp(),
  PRIMARY KEY (`reset_id`)
) ENGINE=InnoDB AUTO_INCREMENT=2 DEFAULT CHARSET=utf8mb4 COLLATE=utf8mb4_unicode_ci;

-- Dumping data for table `password_resets`
INSERT INTO `password_resets` VALUES
('1','5','8d3a0d013970955b645eb08a88706d613825e260b3b1092144e23e3f31ff05c9','2025-12-15 02:57:35','0','2025-12-15 08:57:35');

-- Table structure for table `payments`
DROP TABLE IF EXISTS `payments`;
CREATE TABLE `payments` (
  `payment_id` int(11) NOT NULL AUTO_INCREMENT,
  `booking_id` int(11) NOT NULL,
  `payment_method` enum('vnpay','cash','bank_transfer','credit_card') NOT NULL,
  `amount` decimal(10,2) NOT NULL,
  `currency` varchar(3) DEFAULT 'VND',
  `transaction_id` varchar(255) DEFAULT NULL,
  `vnpay_response` text DEFAULT NULL,
  `status` enum('pending','completed','failed','refunded') DEFAULT 'pending',
  `paid_at` timestamp NULL DEFAULT NULL,
  `refunded_at` timestamp NULL DEFAULT NULL,
  `refund_amount` decimal(10,2) DEFAULT NULL,
  `notes` text DEFAULT NULL,
  `created_at` timestamp NOT NULL DEFAULT current_timestamp(),
  `updated_at` timestamp NOT NULL DEFAULT current_timestamp() ON UPDATE current_timestamp(),
  PRIMARY KEY (`payment_id`)
) ENGINE=InnoDB DEFAULT CHARSET=utf8mb4 COLLATE=utf8mb4_unicode_ci;

-- Table structure for table `points_transactions`
DROP TABLE IF EXISTS `points_transactions`;
CREATE TABLE `points_transactions` (
  `transaction_id` int(11) NOT NULL AUTO_INCREMENT,
  `user_id` int(11) NOT NULL,
  `points` int(11) NOT NULL,
  `transaction_type` enum('earn','redeem','expire','adjust') NOT NULL,
  `reference_type` varchar(50) DEFAULT NULL,
  `reference_id` int(11) DEFAULT NULL,
  `description` text DEFAULT NULL,
  `created_by` int(11) DEFAULT NULL,
  `created_at` timestamp NOT NULL DEFAULT current_timestamp(),
  PRIMARY KEY (`transaction_id`)
) ENGINE=InnoDB AUTO_INCREMENT=15 DEFAULT CHARSET=utf8mb4 COLLATE=utf8mb4_unicode_ci;

-- Dumping data for table `points_transactions`
INSERT INTO `points_transactions` VALUES
('1','5','450','earn','booking','0','Tích điểm từ đặt phòng BK202512158079E0',NULL,'2025-12-15 10:56:38'),
('2','5','900','earn','booking','5','Tích điểm từ đặt phòng BK20251215CD6C9D',NULL,'2025-12-15 11:27:55'),
('3','5','15000','earn','booking_payment','6','Earned 15,000 points from booking BK202512150B095E (Total: 1,500,000 VND)','1','2025-12-15 13:57:27'),
('4','5','440','earn','booking','9','Tích điểm từ đặt phòng BK202512171D425F',NULL,'2025-12-17 10:32:48'),
('5','8','16500','earn','booking_payment','8','Earned 16,500 points from booking BK20251216C49F99 (Total: 1,500,000 VND)','7','2025-12-18 21:00:00'),
('6','7','16500','earn','booking_payment','7','Earned 16,500 points from booking BK202512154AF2BC (Total: 1,500,000 VND)','7','2025-12-18 21:00:29'),
('7','5','16500','earn','booking_payment','10','Earned 16,500 points from booking BK20251218DDB4CE (Total: 1,500,000 VND)','7','2025-12-18 21:00:55'),
('8','5','24200','earn','booking_payment','12','Earned 24,200 points from booking BK20251218B1E0AE (Total: 2,200,000 VND)','7','2025-12-18 21:10:07'),
('9','5','16500','earn','booking_payment','11','Earned 16,500 points from booking BK202512189B806E (Total: 1,500,000 VND)','7','2025-12-18 21:10:34'),
('10','5','24200','earn','booking_payment','16','Earned 24,200 points from booking BK20251218EE8935 (Total: 2,200,000 VND)','7','2025-12-19 14:20:15'),
('11','5','155100','earn','booking_payment','13','Earned 155,100 points from booking BK20251218DD8CA0 (Total: 14,100,000 VND)','7','2025-12-19 14:24:38'),
('12','5','15000','earn','booking_payment','15','Earned 15,000 points from booking BK2025121885E5CD (Total: 1,500,000 VND)','7','2025-12-21 15:34:47'),
('13','5','141000','earn','booking_payment','14','Earned 141,000 points from booking BK202512189C5987 (Total: 14,100,000 VND)','7','2025-12-21 15:35:02'),
('14','7','17600','earn','booking_payment','24','Earned 17,600 points from booking BK202512218F13CC (Total: 1,600,000 VND)','7','2025-12-21 19:04:13');

-- Table structure for table `pricing_policies`
DROP TABLE IF EXISTS `pricing_policies`;
CREATE TABLE `pricing_policies` (
  `policy_id` int(11) NOT NULL AUTO_INCREMENT,
  `policy_type` enum('extra_guest','extra_bed','early_checkin','late_checkout','short_stay') NOT NULL,
  `policy_name` varchar(100) NOT NULL,
  `policy_name_en` varchar(100) DEFAULT NULL,
  `description` text DEFAULT NULL,
  `description_en` text DEFAULT NULL,
  `condition_type` varchar(50) DEFAULT NULL,
  `condition_min` decimal(10,2) DEFAULT NULL,
  `condition_max` decimal(10,2) DEFAULT NULL,
  `price` decimal(12,2) NOT NULL DEFAULT 0.00,
  `is_percentage` tinyint(1) DEFAULT 0,
  `applicable_to` enum('room','apartment','all') DEFAULT 'all',
  `is_active` tinyint(1) DEFAULT 1,
  `sort_order` int(11) DEFAULT 0,
  `created_at` timestamp NULL DEFAULT current_timestamp(),
  `updated_at` timestamp NULL DEFAULT current_timestamp() ON UPDATE current_timestamp(),
  PRIMARY KEY (`policy_id`)
) ENGINE=InnoDB AUTO_INCREMENT=9 DEFAULT CHARSET=utf8mb4 COLLATE=utf8mb4_unicode_ci;

-- Dumping data for table `pricing_policies`
INSERT INTO `pricing_policies` VALUES
('1','extra_guest','Trẻ em dưới 1m (bao gồm ăn sáng)','Children under 1m (with breakfast)','Miễn phí cho trẻ em dưới 1m',NULL,'height','0.00','1.00','0.00','0','all','1','1','2025-12-21 18:17:07','2025-12-21 18:17:07'),
('2','extra_guest','Trẻ em 1m - 1m3 (bao gồm ăn sáng)','Children 1m - 1.3m (with breakfast)','Phụ thu 200,000 VND',NULL,'height','1.00','1.30','200000.00','0','all','1','2','2025-12-21 18:17:07','2025-12-21 18:17:07'),
('3','extra_guest','Người lớn và trẻ trên 1m3 (bao gồm ăn sáng)','Adults and children over 1.3m (with breakfast)','Phụ thu 400,000 VND',NULL,'height','1.30',NULL,'400000.00','0','all','1','3','2025-12-21 18:17:07','2025-12-21 18:17:07'),
('4','extra_bed','Giường phụ','Extra Bed','Phí 650,000 VND - Không áp dụng cho căn hộ',NULL,NULL,NULL,NULL,'650000.00','0','room','1','4','2025-12-21 18:17:07','2025-12-21 18:17:07'),
('5','extra_guest','Trẻ em dưới 1m (bao gồm ăn sáng)','Children under 1m (with breakfast)','Miễn phí cho trẻ em dưới 1m',NULL,'height','0.00','1.00','0.00','0','all','1','1','2025-12-21 18:35:24','2025-12-21 18:35:24'),
('6','extra_guest','Trẻ em 1m - 1m3 (bao gồm ăn sáng)','Children 1m - 1.3m (with breakfast)','Phụ thu 200,000 VND',NULL,'height','1.00','1.30','200000.00','0','all','1','2','2025-12-21 18:35:24','2025-12-21 18:35:24'),
('7','extra_guest','Người lớn và trẻ trên 1m3 (bao gồm ăn sáng)','Adults and children over 1.3m (with breakfast)','Phụ thu 400,000 VND',NULL,'height','1.30',NULL,'400000.00','0','all','1','3','2025-12-21 18:35:24','2025-12-21 18:35:24'),
('8','extra_bed','Giường phụ','Extra Bed','Phí 650,000 VND - Không áp dụng cho căn hộ',NULL,NULL,NULL,NULL,'650000.00','0','room','1','4','2025-12-21 18:35:24','2025-12-21 18:35:24');

-- Table structure for table `promotion_usage`
DROP TABLE IF EXISTS `promotion_usage`;
CREATE TABLE `promotion_usage` (
  `usage_id` int(11) NOT NULL,
  `promotion_id` int(11) NOT NULL,
  `user_id` int(11) NOT NULL,
  `booking_id` int(11) DEFAULT NULL,
  `discount_amount` decimal(10,2) NOT NULL,
  `used_at` timestamp NOT NULL DEFAULT current_timestamp()
) ENGINE=InnoDB DEFAULT CHARSET=utf8mb4 COLLATE=utf8mb4_unicode_ci;

-- Table structure for table `promotions`
DROP TABLE IF EXISTS `promotions`;
CREATE TABLE `promotions` (
  `promotion_id` int(11) NOT NULL,
  `promotion_code` varchar(50) NOT NULL,
  `promotion_name` varchar(255) NOT NULL,
  `promotion_name_en` varchar(255) DEFAULT NULL,
  `description` text DEFAULT NULL,
  `description_en` text DEFAULT NULL,
  `discount_type` enum('percentage','fixed_amount') NOT NULL,
  `discount_value` decimal(10,2) NOT NULL,
  `min_booking_amount` decimal(10,2) DEFAULT NULL,
  `max_discount` decimal(10,2) DEFAULT NULL,
  `usage_limit` int(11) DEFAULT NULL,
  `usage_per_user` int(11) DEFAULT 1,
  `used_count` int(11) DEFAULT 0,
  `applicable_to` enum('all','rooms','apartments','services') DEFAULT 'all',
  `start_date` timestamp NOT NULL DEFAULT current_timestamp() ON UPDATE current_timestamp(),
  `end_date` timestamp NOT NULL DEFAULT '0000-00-00 00:00:00',
  `status` enum('active','inactive','expired') DEFAULT 'active',
  `created_by` int(11) DEFAULT NULL,
  `created_at` timestamp NOT NULL DEFAULT current_timestamp(),
  `updated_at` timestamp NOT NULL DEFAULT current_timestamp() ON UPDATE current_timestamp()
) ENGINE=InnoDB DEFAULT CHARSET=utf8mb4 COLLATE=utf8mb4_unicode_ci;

-- Dumping data for table `promotions`
INSERT INTO `promotions` VALUES
('1','TEACHERDAYS2025','Mừng ngày nhà giáo Việt Nam',NULL,'Giảm 5% cho đơn tối thiểu 1 triệu, tối đa giảm 250.000vnđ',NULL,'percentage','5.00','100000.00','250000.00','2','1','0','rooms','2025-11-20 17:50:00','2025-11-21 17:50:00','active','22','2025-11-19 00:52:30','2025-11-19 00:52:30');

-- Table structure for table `push_subscriptions`
DROP TABLE IF EXISTS `push_subscriptions`;
CREATE TABLE `push_subscriptions` (
  `subscription_id` int(11) NOT NULL,
  `user_id` int(11) NOT NULL,
  `endpoint` text NOT NULL,
  `auth_key` varchar(255) DEFAULT NULL,
  `p256dh_key` varchar(255) DEFAULT NULL,
  `user_agent` text DEFAULT NULL,
  `created_at` timestamp NOT NULL DEFAULT current_timestamp()
) ENGINE=InnoDB DEFAULT CHARSET=utf8mb4 COLLATE=utf8mb4_unicode_ci;

-- Table structure for table `rate_limits`
DROP TABLE IF EXISTS `rate_limits`;
CREATE TABLE `rate_limits` (
  `limit_id` int(11) NOT NULL,
  `identifier` varchar(255) NOT NULL,
  `action` varchar(50) NOT NULL,
  `attempts` int(11) DEFAULT 1,
  `last_attempt` timestamp NOT NULL DEFAULT current_timestamp() ON UPDATE current_timestamp(),
  `blocked_until` timestamp NULL DEFAULT NULL
) ENGINE=InnoDB DEFAULT CHARSET=utf8mb4 COLLATE=utf8mb4_unicode_ci;

-- Table structure for table `refunds`
DROP TABLE IF EXISTS `refunds`;
CREATE TABLE `refunds` (
  `refund_id` int(11) NOT NULL,
  `booking_id` int(11) NOT NULL,
  `refund_amount` decimal(10,2) NOT NULL,
  `refund_percentage` decimal(5,2) DEFAULT 0.00,
  `processing_fee` decimal(10,2) DEFAULT 0.00,
  `refund_reason` text DEFAULT NULL,
  `refund_status` enum('pending','approved','processing','completed','rejected') DEFAULT 'pending',
  `refund_method` varchar(50) DEFAULT NULL COMMENT 'bank_transfer, cash, original_payment',
  `bank_name` varchar(100) DEFAULT NULL,
  `bank_account` varchar(50) DEFAULT NULL,
  `account_holder` varchar(100) DEFAULT NULL,
  `requested_by` int(11) NOT NULL COMMENT 'User ID who requested refund',
  `approved_by` int(11) DEFAULT NULL COMMENT 'Admin ID who approved',
  `processed_by` int(11) DEFAULT NULL COMMENT 'Admin ID who processed',
  `requested_at` datetime NOT NULL,
  `approved_at` datetime DEFAULT NULL,
  `processed_at` datetime DEFAULT NULL,
  `completed_at` datetime DEFAULT NULL,
  `rejection_reason` text DEFAULT NULL,
  `notes` text DEFAULT NULL,
  `created_at` timestamp NOT NULL DEFAULT current_timestamp(),
  `updated_at` timestamp NOT NULL DEFAULT current_timestamp() ON UPDATE current_timestamp()
) ENGINE=InnoDB DEFAULT CHARSET=utf8mb4 COLLATE=utf8mb4_unicode_ci;

-- Table structure for table `review_responses`
DROP TABLE IF EXISTS `review_responses`;
CREATE TABLE `review_responses` (
  `response_id` int(11) NOT NULL,
  `review_id` int(11) NOT NULL,
  `staff_id` int(11) NOT NULL,
  `response` text NOT NULL,
  `created_at` timestamp NOT NULL DEFAULT current_timestamp(),
  `updated_at` timestamp NOT NULL DEFAULT current_timestamp() ON UPDATE current_timestamp()
) ENGINE=InnoDB DEFAULT CHARSET=utf8mb4 COLLATE=utf8mb4_unicode_ci;

-- Table structure for table `reviews`
DROP TABLE IF EXISTS `reviews`;
CREATE TABLE `reviews` (
  `review_id` int(11) NOT NULL,
  `booking_id` int(11) NOT NULL,
  `user_id` int(11) NOT NULL,
  `room_type_id` int(11) DEFAULT NULL,
  `rating` decimal(2,1) NOT NULL,
  `cleanliness_rating` int(11) DEFAULT NULL,
  `service_rating` int(11) DEFAULT NULL,
  `location_rating` int(11) DEFAULT NULL,
  `value_rating` int(11) DEFAULT NULL,
  `title` varchar(255) DEFAULT NULL,
  `comment` text DEFAULT NULL,
  `pros` text DEFAULT NULL,
  `cons` text DEFAULT NULL,
  `images` text DEFAULT NULL,
  `status` enum('pending','approved','rejected') DEFAULT 'pending',
  `helpful_count` int(11) DEFAULT 0,
  `created_at` timestamp NOT NULL DEFAULT current_timestamp(),
  `updated_at` timestamp NOT NULL DEFAULT current_timestamp() ON UPDATE current_timestamp()
) ENGINE=InnoDB DEFAULT CHARSET=utf8mb4 COLLATE=utf8mb4_unicode_ci;

-- Table structure for table `role_permissions`
DROP TABLE IF EXISTS `role_permissions`;
CREATE TABLE `role_permissions` (
  `permission_id` int(11) NOT NULL,
  `role` enum('admin','receptionist','sale','customer') NOT NULL,
  `module` varchar(50) NOT NULL COMMENT 'bookings, customers, rooms, pricing, etc',
  `action` varchar(50) NOT NULL COMMENT 'view, create, update, delete, etc',
  `allowed` tinyint(1) DEFAULT 1,
  `created_at` timestamp NOT NULL DEFAULT current_timestamp()
) ENGINE=InnoDB DEFAULT CHARSET=utf8mb4 COLLATE=utf8mb4_unicode_ci;

-- Dumping data for table `role_permissions`
INSERT INTO `role_permissions` VALUES
('1','admin','bookings','view','1','2025-11-19 08:49:08'),
('2','admin','bookings','create','1','2025-11-19 08:49:08'),
('3','admin','bookings','update','1','2025-11-19 08:49:08'),
('4','admin','bookings','delete','1','2025-11-19 08:49:08'),
('5','admin','bookings','confirm','1','2025-11-19 08:49:08'),
('6','admin','bookings','cancel','1','2025-11-19 08:49:08'),
('7','admin','bookings','assign_room','1','2025-11-19 08:49:08'),
('8','admin','bookings','checkin','1','2025-11-19 08:49:08'),
('9','admin','bookings','checkout','1','2025-11-19 08:49:08'),
('10','admin','customers','view','1','2025-11-19 08:49:08'),
('11','admin','customers','create','1','2025-11-19 08:49:08'),
('12','admin','customers','update','1','2025-11-19 08:49:08'),
('13','admin','customers','delete','1','2025-11-19 08:49:08'),
('14','admin','rooms','view','1','2025-11-19 08:49:08'),
('15','admin','rooms','create','1','2025-11-19 08:49:08'),
('16','admin','rooms','update','1','2025-11-19 08:49:08'),
('17','admin','rooms','delete','1','2025-11-19 08:49:08'),
('18','admin','pricing','view','1','2025-11-19 08:49:08'),
('19','admin','pricing','update','1','2025-11-19 08:49:08'),
('20','admin','promotions','view','1','2025-11-19 08:49:08'),
('21','admin','promotions','create','1','2025-11-19 08:49:08'),
('22','admin','promotions','update','1','2025-11-19 08:49:08'),
('23','admin','promotions','delete','1','2025-11-19 08:49:08'),
('24','admin','loyalty','view','1','2025-11-19 08:49:08'),
('25','admin','loyalty','update','1','2025-11-19 08:49:08'),
('26','admin','loyalty','adjust_points','1','2025-11-19 08:49:08'),
('27','admin','payments','view','1','2025-11-19 08:49:08'),
('28','admin','payments','confirm','1','2025-11-19 08:49:08'),
('29','admin','reports','view','1','2025-11-19 08:49:08'),
('30','admin','settings','view','1','2025-11-19 08:49:08'),
('31','admin','settings','update','1','2025-11-19 08:49:08'),
('32','admin','permissions','manage','1','2025-11-19 08:49:08'),
('33','receptionist','bookings','view','1','2025-11-19 08:49:08'),
('34','receptionist','bookings','create','1','2025-11-19 08:49:08'),
('35','receptionist','bookings','update','1','2025-11-19 08:49:08'),
('36','receptionist','bookings','confirm','1','2025-11-19 08:49:08'),
('37','receptionist','bookings','cancel','1','2025-11-19 08:49:08'),
('38','receptionist','bookings','assign_room','1','2025-11-19 08:49:08'),
('39','receptionist','bookings','checkin','1','2025-11-19 08:49:08'),
('40','receptionist','bookings','checkout','1','2025-11-19 08:49:08'),
('41','receptionist','customers','view','1','2025-11-19 08:49:08'),
('42','receptionist','customers','create','1','2025-11-19 08:49:08'),
('43','receptionist','customers','update','1','2025-11-19 08:49:08'),
('44','receptionist','rooms','view','1','2025-11-19 08:49:08'),
('45','receptionist','rooms','update','1','2025-11-19 08:49:08'),
('46','receptionist','pricing','view','1','2025-11-19 08:49:08'),
('47','receptionist','promotions','view','0','2025-11-19 08:49:08'),
('48','receptionist','loyalty','view','0','2025-11-19 08:49:08'),
('49','receptionist','payments','view','1','2025-11-19 08:49:08'),
('50','receptionist','payments','confirm','1','2025-11-19 08:49:08'),
('51','receptionist','reports','view','0','2025-11-19 08:49:08'),
('52','sale','bookings','view','1','2025-11-19 08:49:08'),
('53','sale','bookings','create','1','2025-11-19 08:49:08'),
('54','sale','bookings','update','1','2025-11-19 08:49:08'),
('55','sale','bookings','confirm','1','2025-11-19 08:49:08'),
('56','sale','bookings','cancel','1','2025-11-19 08:49:08'),
('57','sale','customers','view','1','2025-11-19 08:49:08'),
('58','sale','customers','create','1','2025-11-19 08:49:08'),
('59','sale','customers','update','1','2025-11-19 08:49:08'),
('60','sale','rooms','view','1','2025-11-19 08:49:08'),
('61','sale','pricing','view','1','2025-11-19 08:49:08'),
('62','sale','pricing','update','1','2025-11-19 08:49:08'),
('63','sale','promotions','view','1','2025-11-19 08:49:08'),
('64','sale','promotions','create','1','2025-11-19 08:49:08'),
('65','sale','promotions','update','1','2025-11-19 08:49:08'),
('66','sale','loyalty','view','1','2025-11-19 08:49:08'),
('67','sale','loyalty','adjust_points','1','2025-11-19 08:49:08'),
('68','sale','payments','view','1','2025-11-19 08:49:08'),
('69','sale','reports','view','1','2025-11-19 08:49:08'),
('70','customer','bookings','view','1','2025-11-19 08:49:08'),
('71','customer','bookings','create','1','2025-11-19 08:49:08'),
('72','customer','bookings','cancel','1','2025-11-19 08:49:08'),
('73','customer','profile','view','1','2025-11-19 08:49:08'),
('74','customer','profile','update','1','2025-11-19 08:49:08'),
('75','customer','loyalty','view','1','2025-11-19 08:49:08'),
('76','customer','payments','view','1','2025-11-19 08:49:08'),
('77','sale','bookings','assign_room','0','2025-11-19 08:57:31'),
('79','receptionist','loyalty','adjust_points','0','2025-11-19 08:58:40');

-- Table structure for table `room_pricing`
DROP TABLE IF EXISTS `room_pricing`;
CREATE TABLE `room_pricing` (
  `pricing_id` int(11) NOT NULL,
  `room_type_id` int(11) NOT NULL,
  `start_date` date NOT NULL,
  `end_date` date NOT NULL,
  `price` decimal(10,2) NOT NULL,
  `pricing_type` enum('special','seasonal','promotion') DEFAULT 'special',
  `description` varchar(255) DEFAULT NULL,
  `created_at` timestamp NOT NULL DEFAULT current_timestamp()
) ENGINE=InnoDB DEFAULT CHARSET=utf8mb4 COLLATE=utf8mb4_unicode_ci;

-- Table structure for table `room_types`
DROP TABLE IF EXISTS `room_types`;
CREATE TABLE `room_types` (
  `room_type_id` int(11) NOT NULL,
  `type_name` varchar(100) NOT NULL,
  `type_name_en` varchar(100) DEFAULT NULL,
  `slug` varchar(100) NOT NULL,
  `category` enum('room','apartment') NOT NULL DEFAULT 'room',
  `booking_type` enum('instant','inquiry') NOT NULL DEFAULT 'instant',
  `description` text DEFAULT NULL,
  `description_en` text DEFAULT NULL,
  `short_description` varchar(255) DEFAULT NULL,
  `short_description_en` varchar(500) DEFAULT NULL,
  `max_occupancy` int(11) NOT NULL DEFAULT 2,
  `max_adults` tinyint(4) DEFAULT 2,
  `max_children` tinyint(4) DEFAULT 1,
  `is_twin` tinyint(1) DEFAULT 0,
  `size_sqm` decimal(10,2) DEFAULT NULL,
  `bed_type` varchar(100) DEFAULT NULL,
  `amenities` text DEFAULT NULL,
  `images` text DEFAULT NULL,
  `thumbnail` varchar(255) DEFAULT NULL,
  `base_price` decimal(10,2) NOT NULL,
  `weekend_price` decimal(10,2) DEFAULT NULL,
  `holiday_price` decimal(10,2) DEFAULT NULL,
  `status` enum('active','inactive') DEFAULT 'active',
  `sort_order` int(11) DEFAULT 0,
  `created_at` timestamp NOT NULL DEFAULT current_timestamp(),
  `updated_at` timestamp NOT NULL DEFAULT current_timestamp() ON UPDATE current_timestamp(),
  `price_published` decimal(12,2) DEFAULT NULL COMMENT 'Giá công bố (giá niêm yết)',
  `price_single_occupancy` decimal(12,2) DEFAULT NULL COMMENT 'Giá phòng đơn (1 người)',
  `price_double_occupancy` decimal(12,2) DEFAULT NULL COMMENT 'Giá phòng đôi (2 người)',
  `price_short_stay` decimal(12,2) DEFAULT NULL COMMENT 'Giá nghỉ ngắn hạn (dưới 4h)',
  `short_stay_description` varchar(255) DEFAULT NULL COMMENT 'Mô tả điều kiện nghỉ ngắn hạn',
  `view_type` varchar(100) DEFAULT 'Thành phố' COMMENT 'Loại view phòng',
  `price_daily_single` decimal(12,2) DEFAULT NULL COMMENT 'Căn hộ: Giá ngày 1 người',
  `price_daily_double` decimal(12,2) DEFAULT NULL COMMENT 'Căn hộ: Giá ngày 2 người',
  `price_weekly_single` decimal(12,2) DEFAULT NULL COMMENT 'Căn hộ: Giá tuần 1 người',
  `price_weekly_double` decimal(12,2) DEFAULT NULL COMMENT 'Căn hộ: Giá tuần 2 người',
  `price_avg_weekly_single` decimal(12,2) DEFAULT NULL COMMENT 'Căn hộ: Giá TB/đêm tuần 1 người',
  `price_avg_weekly_double` decimal(12,2) DEFAULT NULL COMMENT 'Căn hộ: Giá TB/đêm tuần 2 người'
) ENGINE=InnoDB DEFAULT CHARSET=utf8mb4 COLLATE=utf8mb4_unicode_ci;

-- Dumping data for table `room_types`
INSERT INTO `room_types` VALUES
('1','Deluxe','Deluxe Room','deluxe','room','instant','Phòng Deluxe rộng 35m² được thiết kế hiện đại với giường King size cao cấp, tầm nhìn thành phố tuyệt đẹp. Phòng được trang bị đầy đủ tiện nghi như TV màn hình phẳng, minibar, két an toàn và phòng tắm riêng với vòi sen massage. Đây là lựa chọn hoàn hảo cho cặp đôi hoặc khách công tác.','Luxurious room with panoramic view and exclusive services.','Không gian sang trọng với đầy đủ tiện nghi hiện đại','Luxury room with panoramic view','2','2','1','0','32.00','1 giường đôi lớn (1m8x2m)','WiFi miễn phí,TV màn hình phẳng,Minibar,Két an toàn,Điều hòa,Phòng tắm riêng,Vòi sen massage,Máy sấy tóc,Đồ vệ sinh cá nhân,Bàn làm việc,Điện thoại,Dép đi trong phòng,Áo choàng tắm','/assets/img/deluxe/deluxe-room-aurora-1.jpg,/assets/img/deluxe/deluxe-room-aurora-2.jpg,/assets/img/deluxe/deluxe-room-aurora-3.jpg','/assets/img/deluxe/deluxe-room-aurora-1.jpg','1600000.00','2200000.00','2500000.00','active','1','2025-11-19 00:31:03','2025-12-21 18:17:07','1900000.00','1400000.00','1600000.00','1100000.00','Dưới 4h và trả phòng trước 22h, không bao gồm bữa sáng','Thành phố',NULL,NULL,NULL,NULL,NULL,NULL),
('2','Premium Deluxe Double','Deluxe Room','premium-deluxe','room','instant','Phòng Premium Deluxe 40m² mang đến trải nghiệm cao cấp hơn với không gian rộng rãi, giường King size sang trọng và khu vực tiếp khách riêng biệt. Phòng có tầm nhìn panorama tuyệt đẹp ra thành phố, được trang bị đầy đủ tiện nghi hiện đại bao gồm TV thông minh, hệ thống âm thanh cao cấp và phòng tắm với bồn tắm nằm.','Luxurious room with panoramic view and exclusive services.','Không gian cao cấp với tầm nhìn panorama tuyệt đẹp','Luxury room with panoramic view','2','2','1','0','48.00','1 giường đôi lớn (1m8x2m)','WiFi miễn phí,TV thông minh,Hệ thống âm thanh,Minibar cao cấp,Két an toàn,Điều hòa,Phòng tắm với bồn tắm,Vòi sen massage,Máy sấy tóc,Đồ vệ sinh cao cấp,Bàn làm việc,Khu vực tiếp khách,Máy pha cà phê,Áo choàng tắm cao cấp','/assets/img/premium-deluxe/premium-deluxe-aurora-hotel-1.jpg,/assets/img/premium-deluxe/premium-deluxe-aurora-hotel-2.jpg','/assets/img/premium-deluxe/premium-deluxe-aurora-hotel-1.jpg','1900000.00','3000000.00','3500000.00','active','2','2025-11-19 00:31:03','2025-12-21 18:17:07','2200000.00','1700000.00','1900000.00','1300000.00','Dưới 4h và trả phòng trước 22h, không bao gồm bữa sáng','Thành phố',NULL,NULL,NULL,NULL,NULL,NULL),
('3','Premium Deluxe Twin',NULL,'premium-twin','room','instant','Phòng Premium Twin 38m² được thiết kế đặc biệt cho nhóm bạn hoặc gia đình nhỏ với 2 giường đơn cao cấp. Không gian hiện đại, thoáng đãng với đầy đủ tiện nghi như TV màn hình phẳng, minibar, két an toàn và phòng tắm riêng với vòi sen massage. Phòng có tầm nhìn đẹp ra thành phố.',NULL,'Lý tưởng cho nhóm bạn hoặc gia đình với 2 giường đơn',NULL,'2','2','2','1','48.00','2 giường đơn (1m4x2m)','WiFi miễn phí,TV màn hình phẳng,Minibar,Két an toàn,Điều hòa,Phòng tắm riêng,Vòi sen massage,Máy sấy tóc,Đồ vệ sinh cá nhân,Bàn làm việc,Điện thoại,Dép đi trong phòng,Áo choàng tắm','/assets/img/premium-twin/premium-deluxe-twin-aurora-1.jpg,/assets/img/premium-twin/premium-deluxe-twin-aurora-2.jpg','/assets/img/premium-twin/premium-deluxe-twin-aurora-1.jpg','1900000.00','2700000.00','3000000.00','active','3','2025-11-19 00:31:03','2025-12-21 18:17:07','2200000.00','1700000.00','1900000.00',NULL,NULL,'Thành phố',NULL,NULL,NULL,NULL,NULL,NULL),
('4','Aurora Studio','Suite Room','vip-suite','room','instant','VIP Suite 60m² là đỉnh cao của sự sang trọng với phòng ngủ riêng biệt, phòng khách rộng rãi và phòng tắm cao cấp với bồn tắm Jacuzzi. Giường King size đặc biệt, tầm nhìn panorama 180 độ ra thành phố. Được trang bị đầy đủ tiện nghi 5 sao bao gồm TV thông minh, hệ thống âm thanh Bose, minibar cao cấp và dịch vụ butler 24/7.','Premium suite with separate living area and VIP services.','Đỉnh cao sang trọng với không gian riêng tư tuyệt đối','Premium suite with living area','3','2','2','1','54.00','1 giường siêu lớn (2mx2m)','WiFi miễn phí,TV thông minh 55 inch,Hệ thống âm thanh Bose,Minibar cao cấp,Két an toàn điện tử,Điều hòa thông minh,Phòng tắm với Jacuzzi,Vòi sen massage,Máy sấy tóc Dyson,Đồ vệ sinh Hermes,Bàn làm việc executive,Phòng khách riêng,Máy pha cà phê Nespresso,Áo choàng tắm cao cấp,Dịch vụ butler 24/7','/assets/img/vip/vip-room-aurora-hotel-1.jpg,/assets/img/vip/vip-room-aurora-hotel-3.jpg,/assets/img/vip/vip-room-aurora-hotel-4.jpg','/assets/img/vip/vip-room-aurora-hotel-1.jpg','2300000.00','5500000.00','6500000.00','active','4','2025-11-19 00:31:03','2025-12-21 18:17:07','2950000.00','2200000.00','2300000.00','1900000.00','Dưới 4h và trả phòng trước 22h, không bao gồm bữa sáng','Thành phố',NULL,NULL,NULL,NULL,NULL,NULL),
('5','Studio Apartment','Studio Apartment','studio-apartment','apartment','inquiry','Căn hộ Studio 45m² được thiết kế thông minh với không gian mở, kết hợp phòng ngủ và phòng khách. Bếp nhỏ đầy đủ tiện nghi, giường Queen size thoải mái, khu vực làm việc riêng biệt. Lý tưởng cho khách lưu trú dài ngày hoặc cặp đôi muốn có không gian riêng tư.','Modern studio apartment with full kitchen and living space.','Không gian thông minh cho lưu trú dài ngày','Modern studio with kitchen','2','2','1','0','45.00','1 Giường Queen','WiFi miễn phí,TV thông minh,Bếp nhỏ đầy đủ,Tủ lạnh,Lò vi sóng,Ấm đun nước,Bàn ăn,Minibar,Két an toàn,Điều hòa,Máy giặt,Phòng tắm riêng,Vòi sen,Máy sấy tóc,Bàn làm việc,Sofa,Ban công','/assets/img/studio-apartment/can-ho-studio-aurora-hotel-1.jpg,/assets/img/studio-apartment/can-ho-studio-aurora-hotel-2.jpg','/assets/img/studio-apartment/can-ho-studio-aurora-hotel-1.jpg','2800000.00','3300000.00','3800000.00','active','11','2025-11-19 00:31:03','2025-12-18 21:44:35',NULL,NULL,NULL,NULL,NULL,'Thành phố',NULL,NULL,NULL,NULL,NULL,NULL),
('6','Modern Studio','Studio Apartment','modern-studio','apartment','inquiry','Modern Studio 48m² với thiết kế hiện đại tối giản, nội thất cao cấp và hệ thống smart home. Không gian mở thoáng đãng, bếp hiện đại đầy đủ thiết bị, giường King size sang trọng. Tầm nhìn đẹp và ánh sáng tự nhiên tràn ngập.','Modern studio apartment with full kitchen and living space.','Thiết kế hiện đại với hệ thống smart home','Modern studio with kitchen','2','2','1','0','35.00','1 Giường King','WiFi miễn phí,TV thông minh,Smart home system,Bếp hiện đại,Tủ lạnh,Lò vi sóng,Máy rửa chén,Ấm đun nước,Bàn ăn,Minibar,Két an toàn,Điều hòa thông minh,Máy giặt,Phòng tắm cao cấp,Vòi sen massage,Máy sấy tóc,Bàn làm việc,Sofa cao cấp,Ban công rộng','/assets/img/modern-studio-apartment/modern-studio-apartment-1.jpg,/assets/img/modern-studio-apartment/modern-studio-apartment-2.jpg','/assets/img/modern-studio-apartment/modern-studio-apartment-1.jpg','1850000.00','3800000.00','4300000.00','active','5','2025-11-19 00:31:03','2025-12-21 18:17:07',NULL,NULL,NULL,NULL,NULL,'Thành phố','1850000.00','2250000.00','12250000.00','15050000.00','1750000.00','2150000.00'),
('7','Indochine Studio','Studio Apartment','indochine-studio','apartment','inquiry','Indochine Studio 46m² mang phong cách Đông Dương độc đáo với nội thất gỗ tự nhiên, họa tiết truyền thống kết hợp hiện đại. Không gian ấm cúng, bếp đầy đủ tiện nghi, giường Queen size thoải mái. Lựa chọn hoàn hảo cho những ai yêu thích văn hóa Việt.','Modern studio apartment with full kitchen and living space.','Phong cách Đông Dương độc đáo và ấm cúng','Modern studio with kitchen','2','2','1','0','35.00','1 Giường Queen','WiFi miễn phí,TV màn hình phẳng,Bếp đầy đủ,Tủ lạnh,Lò vi sóng,Ấm đun nước,Bàn ăn,Minibar,Két an toàn,Điều hòa,Máy giặt,Phòng tắm,Vòi sen,Máy sấy tóc,Bàn làm việc,Sofa,Ban công,Trang trí Đông Dương','/assets/img/indochine-studio-apartment/indochine-studio-apartment-1.jpg,/assets/img/indochine-studio-apartment/indochine-studio-apartment-2.jpg','/assets/img/indochine-studio-apartment/indochine-studio-apartment-1.jpg','1850000.00','3500000.00','4000000.00','active','6','2025-11-19 00:31:03','2025-12-21 18:17:07',NULL,NULL,NULL,NULL,NULL,'Thành phố','1850000.00','2250000.00','12250000.00','15050000.00','1750000.00','2150000.00'),
('8','Premium Apartment',NULL,'premium-apartment','apartment','inquiry','Premium Apartment 65m² với phòng ngủ riêng biệt, phòng khách rộng rãi và bếp đầy đủ tiện nghi cao cấp. Giường King size sang trọng, khu vực làm việc executive, phòng tắm với bồn tắm. Tầm nhìn đẹp ra thành phố, lý tưởng cho gia đình hoặc lưu trú dài hạn.',NULL,'Không gian cao cấp với phòng ngủ riêng biệt',NULL,'3','2','2','1','65.00','1 Giường King + Sofa bed','WiFi miễn phí,TV thông minh,Bếp cao cấp đầy đủ,Tủ lạnh lớn,Lò vi sóng,Máy rửa chén,Ấm đun nước,Bàn ăn 4 chỗ,Minibar,Két an toàn,Điều hòa,Máy giặt sấy,Phòng tắm với bồn tắm,Vòi sen massage,Máy sấy tóc,Bàn làm việc,Phòng khách riêng,Sofa cao cấp,Ban công lớn','/assets/img/premium-apartment/can-ho-premium-aurora-hotel-1.jpg,/assets/img/premium-apartment/can-ho-premium-aurora-hotel-2.jpg,/assets/img/premium-apartment/can-ho-premium-aurora-hotel-3.jpg','/assets/img/premium-apartment/can-ho-premium-aurora-hotel-1.jpg','4200000.00','5000000.00','5800000.00','active','12','2025-11-19 00:31:03','2025-12-18 21:44:35',NULL,NULL,NULL,NULL,NULL,'Thành phố',NULL,NULL,NULL,NULL,NULL,NULL),
('9','Modern Premium',NULL,'modern-premium','apartment','inquiry','Modern Premium 68m² với thiết kế hiện đại tối giản, nội thất cao cấp và công nghệ smart home tiên tiến. Phòng ngủ riêng với giường King size, phòng khách sang trọng, bếp hiện đại đầy đủ. Tầm nhìn panorama tuyệt đẹp.',NULL,'Hiện đại cao cấp với công nghệ smart home',NULL,'3','2','2','1','60.00','1 Giường King + Sofa bed','WiFi miễn phí,TV thông minh 55 inch,Smart home system,Bếp hiện đại cao cấp,Tủ lạnh lớn,Lò vi sóng,Máy rửa chén,Máy pha cà phê,Bàn ăn 4 chỗ,Minibar cao cấp,Két an toàn điện tử,Điều hòa thông minh,Máy giặt sấy,Phòng tắm cao cấp với bồn tắm,Vòi sen massage,Máy sấy tóc Dyson,Bàn làm việc executive,Phòng khách cao cấp,Sofa da,Ban công panorama','/assets/img/modern-premium-apartment/modern-premium-apartment-1.jpg,/assets/img/modern-premium-apartment/modern-premium-apartment-2.jpg','/assets/img/modern-premium-apartment/modern-premium-apartment-1.jpg','2050000.00','5700000.00','6500000.00','active','7','2025-11-19 00:31:03','2025-12-21 18:17:07',NULL,NULL,NULL,NULL,NULL,'Thành phố','2050000.00','2450000.00','13650000.00','16450000.00','1950000.00','2350000.00'),
('10','Classical Premium',NULL,'classical-premium','apartment','inquiry','Classical Premium 66m² mang phong cách cổ điển sang trọng với nội thất gỗ tự nhiên cao cấp, họa tiết tinh tế. Phòng ngủ riêng, phòng khách ấm cúng, bếp đầy đủ tiện nghi. Không gian thanh lịch, quý phái cho những ai yêu thích sự cổ điển.',NULL,'Phong cách cổ điển sang trọng và thanh lịch',NULL,'3','2','2','1','60.00','1 Giường King + Sofa bed','WiFi miễn phí,TV màn hình phẳng,Bếp cao cấp,Tủ lạnh,Lò vi sóng,Ấm đun nước,Bàn ăn 4 chỗ,Minibar,Két an toàn,Điều hòa,Máy giặt,Phòng tắm với bồn tắm,Vòi sen,Máy sấy tóc,Bàn làm việc,Phòng khách,Sofa cổ điển,Ban công,Nội thất gỗ cao cấp','/assets/img/classical-premium-apartment/classical-premium-apartment-1.jpg,/assets/img/classical-premium-apartment/classical-premium-apartment-2.jpg','/assets/img/classical-premium-apartment/classical-premium-apartment-1.jpg','2050000.00','5300000.00','6000000.00','active','8','2025-11-19 00:31:03','2025-12-21 18:17:07',NULL,NULL,NULL,NULL,NULL,'Thành phố','2050000.00','2450000.00','13650000.00','16450000.00','1950000.00','2350000.00'),
('11','Family Apartment',NULL,'family-apartment','apartment','inquiry','Family Apartment 75m² được thiết kế đặc biệt cho gia đình với 2 phòng ngủ riêng biệt, phòng khách rộng rãi và bếp đầy đủ. Phòng ngủ chính có giường King, phòng ngủ phụ có 2 giường đơn. Không gian thoải mái, an toàn cho trẻ em với đầy đủ tiện nghi hiện đại.',NULL,'Lý tưởng cho gia đình với 2 phòng ngủ riêng',NULL,'5','4','3','1','82.00','1 King + 2 Đơn','WiFi miễn phí,TV thông minh,Bếp đầy đủ,Tủ lạnh lớn,Lò vi sóng,Máy rửa chén,Ấm đun nước,Bàn ăn 6 chỗ,Minibar,Két an toàn,Điều hòa,Máy giặt sấy,2 Phòng tắm,Vòi sen,Máy sấy tóc,Bàn làm việc,Phòng khách rộng,Sofa,Ban công,Khu vực vui chơi trẻ em','/assets/img/family-apartment/can-ho-family-aurora-hotel-3.jpg,/assets/img/family-apartment/can-ho-family-aurora-hotel-5.jpg,/assets/img/family-apartment/can-ho-family-aurora-hotel-6.jpg','/assets/img/family-apartment/can-ho-family-aurora-hotel-3.jpg','2550000.00','6500000.00','7500000.00','active','13','2025-11-19 00:31:03','2025-12-21 18:17:07',NULL,NULL,NULL,NULL,NULL,'Thành phố',NULL,'2550000.00',NULL,'17150000.00',NULL,'2450000.00'),
('12','Indochine Family',NULL,'indochine-family','apartment','inquiry','Indochine Family 72m² kết hợp phong cách Đông Dương truyền thống với tiện nghi hiện đại. 2 phòng ngủ riêng biệt, phòng khách ấm cúng với nội thất gỗ tự nhiên, bếp đầy đủ. Không gian văn hóa đậm chất Việt, lý tưởng cho gia đình yêu thích truyền thống.',NULL,'Phong cách Đông Dương cho gia đình',NULL,'5','4','3','1','82.00','1 King + 2 Đơn','WiFi miễn phí,TV màn hình phẳng,Bếp đầy đủ,Tủ lạnh,Lò vi sóng,Ấm đun nước,Bàn ăn 6 chỗ,Minibar,Két an toàn,Điều hòa,Máy giặt,2 Phòng tắm,Vòi sen,Máy sấy tóc,Bàn làm việc,Phòng khách,Sofa,Ban công,Nội thất Đông Dương,Trang trí truyền thống','/assets/img/indochine-family-apartment/indochine-family-apartment-1.jpg,/assets/img/indochine-family-apartment/indochine-family-apartment-2.jpg','/assets/img/indochine-family-apartment/indochine-family-apartment-1.jpg','2550000.00','6200000.00','7200000.00','active','9','2025-11-19 00:31:04','2025-12-21 18:17:07',NULL,NULL,NULL,NULL,NULL,'Thành phố',NULL,'2550000.00',NULL,'17150000.00',NULL,'2450000.00'),
('13','Classical Family',NULL,'classical-family','apartment','inquiry','Classical Family 78m² mang phong cách cổ điển sang trọng với 2 phòng ngủ rộng rãi, phòng khách thanh lịch và bếp cao cấp. Nội thất gỗ tự nhiên cao cấp, họa tiết tinh tế, không gian ấm cúng. Lựa chọn hoàn hảo cho gia đình yêu thích sự quý phái cổ điển.',NULL,'Sang trọng cổ điển cho gia đình',NULL,'5','4','3','1','82.00','1 King + 2 Đơn','WiFi miễn phí,TV màn hình phẳng,Bếp cao cấp đầy đủ,Tủ lạnh lớn,Lò vi sóng,Máy rửa chén,Ấm đun nước,Bàn ăn 6 chỗ,Minibar,Két an toàn,Điều hòa,Máy giặt sấy,2 Phòng tắm cao cấp,Vòi sen,Máy sấy tóc,Bàn làm việc,Phòng khách rộng,Sofa cổ điển,Ban công lớn,Nội thất gỗ cao cấp,Trang trí cổ điển','/assets/img/classical-family-apartment/classical-family-apartment1.jpg,/assets/img/classical-family-apartment/classical-family-apartment2.jpg','assets/img/classical-family-apartment/classical-family-apartment1.jpg','2550000.00','6800000.00','7800000.00','active','10','2025-11-19 00:31:04','2025-12-21 19:05:34',NULL,NULL,NULL,NULL,NULL,'Thành phố',NULL,'2550000.00',NULL,'17150000.00',NULL,'2450000.00');

-- Table structure for table `rooms`
DROP TABLE IF EXISTS `rooms`;
CREATE TABLE `rooms` (
  `room_id` int(11) NOT NULL,
  `room_type_id` int(11) NOT NULL,
  `room_number` varchar(20) NOT NULL,
  `floor` int(11) DEFAULT NULL,
  `building` varchar(50) DEFAULT NULL,
  `status` enum('available','occupied','maintenance','cleaning') DEFAULT 'available',
  `notes` text DEFAULT NULL,
  `last_cleaned` timestamp NULL DEFAULT NULL,
  `created_at` timestamp NOT NULL DEFAULT current_timestamp(),
  `updated_at` timestamp NOT NULL DEFAULT current_timestamp() ON UPDATE current_timestamp()
) ENGINE=InnoDB DEFAULT CHARSET=utf8mb4 COLLATE=utf8mb4_unicode_ci;

-- Dumping data for table `rooms`
INSERT INTO `rooms` VALUES
('1','2','701','7','Main','available',NULL,NULL,'2025-11-19 00:31:29','2025-12-21 19:16:46'),
('2','8','702','7','Main','available',NULL,NULL,'2025-11-19 00:31:29','2025-12-21 14:15:58'),
('3','1','703','7','Main','available',NULL,NULL,'2025-11-19 00:31:29','2025-12-21 19:16:46'),
('4','1','704','7','Main','available',NULL,NULL,'2025-11-19 00:31:29','2025-12-21 19:16:46'),
('5','1','705','7','Main','available',NULL,NULL,'2025-11-19 00:31:29','2025-12-21 14:15:58'),
('7','11','707','7','Main','available',NULL,NULL,'2025-11-19 00:31:29','2025-12-21 14:15:58'),
('8','1','708','7','Main','available',NULL,NULL,'2025-11-19 00:31:29','2025-12-21 14:15:58'),
('9','1','709','7','Main','available',NULL,NULL,'2025-11-19 00:31:29','2025-12-21 14:15:58'),
('10','1','710','7','Main','available',NULL,NULL,'2025-11-19 00:31:29','2025-12-21 14:15:58'),
('11','2','711','7','Main','available','','0000-00-00 00:00:00','2025-11-19 00:31:29','2025-12-21 19:16:46'),
('12','2','712','7','Main','available',NULL,NULL,'2025-11-19 00:31:29','2025-12-21 19:16:46'),
('13','2','714','7','Main','available',NULL,NULL,'2025-11-19 00:31:29','2025-12-21 14:15:58'),
('14','2','715','7','Main','available',NULL,NULL,'2025-11-19 00:31:29','2025-12-21 14:15:58'),
('15','2','716','7','Main','available',NULL,NULL,'2025-11-19 00:31:29','2025-12-21 14:15:58'),
('16','2','717','7','Main','available',NULL,NULL,'2025-11-19 00:31:29','2025-12-21 14:15:58'),
('17','2','718','7','Main','available',NULL,NULL,'2025-11-19 00:31:29','2025-12-21 14:15:58'),
('18','2','719','7','Main','available',NULL,NULL,'2025-11-19 00:31:29','2025-12-21 14:15:58'),
('19','2','720','7','Main','available',NULL,NULL,'2025-11-19 00:31:29','2025-12-21 14:15:58'),
('20','3','801','8','Main','available','','0000-00-00 00:00:00','2025-11-19 00:31:29','2025-12-21 19:16:46'),
('21','3','802','8','Main','available',NULL,NULL,'2025-11-19 00:31:29','2025-12-21 14:16:09'),
('22','3','803','8','Main','available',NULL,NULL,'2025-11-19 00:31:29','2025-12-21 14:16:09'),
('23','3','804','8','Main','available',NULL,NULL,'2025-11-19 00:31:29','2025-12-21 14:16:09'),
('24','3','805','8','Main','available',NULL,NULL,'2025-11-19 00:31:29','2025-12-21 14:16:09'),
('25','3','806','8','Main','available',NULL,NULL,'2025-11-19 00:31:29','2025-12-21 14:16:09'),
('26','3','807','8','Main','available',NULL,NULL,'2025-11-19 00:31:29','2025-12-21 14:16:09'),
('27','3','808','8','Main','available',NULL,NULL,'2025-11-19 00:31:29','2025-12-21 14:16:09'),
('28','3','809','8','Main','available',NULL,NULL,'2025-11-19 00:31:29','2025-12-21 14:16:09'),
('29','3','810','8','Main','available',NULL,NULL,'2025-11-19 00:31:29','2025-12-21 14:16:09'),
('30','4','811','8','Main','available',NULL,NULL,'2025-11-19 00:31:29','2025-12-21 14:16:09'),
('31','4','812','8','Main','available',NULL,NULL,'2025-11-19 00:31:29','2025-12-21 14:16:09'),
('32','4','814','8','Main','available',NULL,NULL,'2025-11-19 00:31:29','2025-12-21 14:16:09'),
('33','4','815','8','Main','available',NULL,NULL,'2025-11-19 00:31:29','2025-12-21 14:16:09'),
('34','4','816','8','Main','available',NULL,NULL,'2025-11-19 00:31:29','2025-12-21 14:16:09'),
('35','4','817','8','Main','available',NULL,NULL,'2025-11-19 00:31:29','2025-12-21 14:16:09'),
('36','4','818','8','Main','available',NULL,NULL,'2025-11-19 00:31:29','2025-12-21 14:16:09'),
('37','4','819','8','Main','available',NULL,NULL,'2025-11-19 00:31:29','2025-12-21 14:16:09'),
('38','5','901','9','Main','available',NULL,NULL,'2025-11-19 00:31:29','2025-12-21 14:16:28'),
('39','5','902','9','Main','available',NULL,NULL,'2025-11-19 00:31:29','2025-12-21 14:16:28'),
('40','5','903','9','Main','available',NULL,NULL,'2025-11-19 00:31:29','2025-12-21 14:16:28'),
('41','5','904','9','Main','available',NULL,NULL,'2025-11-19 00:31:29','2025-12-21 14:16:28'),
('42','5','905','9','Main','available',NULL,NULL,'2025-11-19 00:31:29','2025-12-21 14:16:28'),
('43','5','906','9','Main','available',NULL,NULL,'2025-11-19 00:31:29','2025-12-21 14:16:28'),
('44','5','907','9','Main','available',NULL,NULL,'2025-11-19 00:31:29','2025-12-21 14:16:28'),
('45','5','908','9','Main','available',NULL,NULL,'2025-11-19 00:31:29','2025-12-21 14:16:28'),
('46','5','909','9','Main','available',NULL,NULL,'2025-11-19 00:31:29','2025-12-21 14:16:28'),
('47','5','910','9','Main','available',NULL,NULL,'2025-11-19 00:31:29','2025-12-21 14:16:28'),
('48','4','911','9','Main','available',NULL,NULL,'2025-11-19 00:31:29','2025-12-21 14:16:28'),
('49','6','912','9','Main','available',NULL,NULL,'2025-11-19 00:31:29','2025-12-21 14:16:28'),
('50','6','914','9','Main','available',NULL,NULL,'2025-11-19 00:31:29','2025-12-21 14:16:28'),
('51','6','915','9','Main','available',NULL,NULL,'2025-11-19 00:31:29','2025-12-21 14:16:28'),
('52','6','916','9','Main','available',NULL,NULL,'2025-11-19 00:31:29','2025-12-21 14:16:28'),
('53','6','917','9','Main','available',NULL,NULL,'2025-11-19 00:31:29','2025-12-21 14:16:28'),
('54','6','918','9','Main','available',NULL,NULL,'2025-11-19 00:31:29','2025-12-21 14:16:28'),
('55','6','919','9','Main','available',NULL,NULL,'2025-11-19 00:31:29','2025-12-21 14:16:28'),
('56','6','920','9','Main','available',NULL,NULL,'2025-11-19 00:31:29','2025-12-21 14:16:28'),
('57','6','921','9','Main','available',NULL,NULL,'2025-11-19 00:31:29','2025-12-21 14:16:28'),
('58','6','922','9','Main','available',NULL,NULL,'2025-11-19 00:31:29','2025-12-21 14:16:28'),
('59','4','923','9','Main','available',NULL,NULL,'2025-11-19 00:31:29','2025-12-21 14:16:28'),
('60','7','1001','10','Main','available',NULL,NULL,'2025-11-19 00:31:29','2025-12-21 14:16:35'),
('61','7','1002','10','Main','available',NULL,NULL,'2025-11-19 00:31:29','2025-12-21 14:16:35'),
('62','7','1003','10','Main','available',NULL,NULL,'2025-11-19 00:31:29','2025-12-21 14:16:35'),
('63','7','1004','10','Main','available',NULL,NULL,'2025-11-19 00:31:29','2025-12-21 14:16:35'),
('64','7','1005','10','Main','available',NULL,NULL,'2025-11-19 00:31:29','2025-12-21 14:16:35'),
('65','7','1006','10','Main','available',NULL,NULL,'2025-11-19 00:31:29','2025-12-21 14:16:35'),
('66','7','1007','10','Main','available',NULL,NULL,'2025-11-19 00:31:29','2025-12-21 14:16:35'),
('67','7','1008','10','Main','available',NULL,NULL,'2025-11-19 00:31:29','2025-12-21 14:16:35'),
('68','7','1009','10','Main','available',NULL,NULL,'2025-11-19 00:31:29','2025-12-21 14:16:35'),
('69','7','1010','10','Main','available',NULL,NULL,'2025-11-19 00:31:29','2025-12-21 14:16:35'),
('70','7','1011','10','Main','available',NULL,NULL,'2025-11-19 00:31:29','2025-12-21 14:16:35'),
('71','8','1012','10','Main','available',NULL,NULL,'2025-11-19 00:31:29','2025-12-21 14:16:35'),
('72','8','1014','10','Main','available',NULL,NULL,'2025-11-19 00:31:29','2025-12-21 14:16:35'),
('73','8','1015','10','Main','available',NULL,NULL,'2025-11-19 00:31:29','2025-12-21 14:16:35'),
('74','8','1016','10','Main','available',NULL,NULL,'2025-11-19 00:31:29','2025-12-21 14:16:35'),
('75','8','1017','10','Main','available',NULL,NULL,'2025-11-19 00:31:29','2025-12-21 14:16:35'),
('76','8','1018','10','Main','available',NULL,NULL,'2025-11-19 00:31:29','2025-12-21 14:16:35'),
('77','8','1019','10','Main','available',NULL,NULL,'2025-11-19 00:31:29','2025-12-21 14:16:35'),
('78','8','1020','10','Main','available',NULL,NULL,'2025-11-19 00:31:29','2025-12-21 14:16:35'),
('79','8','1021','10','Main','available',NULL,NULL,'2025-11-19 00:31:29','2025-12-21 14:16:35'),
('80','8','1022','10','Main','available',NULL,NULL,'2025-11-19 00:31:29','2025-12-21 14:16:35'),
('81','8','1023','10','Main','available',NULL,NULL,'2025-11-19 00:31:29','2025-12-21 14:16:35'),
('82','9','1101','11','Main','available',NULL,NULL,'2025-11-19 00:31:29','2025-12-21 14:16:41'),
('83','4','1102','11','Main','available',NULL,NULL,'2025-11-19 00:31:29','2025-12-21 14:16:41'),
('84','9','1103','11','Main','available',NULL,NULL,'2025-11-19 00:31:29','2025-12-21 14:16:41'),
('85','9','1104','11','Main','available',NULL,NULL,'2025-11-19 00:31:29','2025-12-21 14:16:41'),
('86','9','1105','11','Main','available',NULL,NULL,'2025-11-19 00:31:29','2025-12-21 14:16:41'),
('87','9','1106','11','Main','available',NULL,NULL,'2025-11-19 00:31:29','2025-12-21 14:16:41'),
('88','9','1107','11','Main','available',NULL,NULL,'2025-11-19 00:31:29','2025-12-21 14:16:41'),
('89','9','1108','11','Main','available',NULL,NULL,'2025-11-19 00:31:29','2025-12-21 14:16:41'),
('90','9','1109','11','Main','available',NULL,NULL,'2025-11-19 00:31:29','2025-12-21 14:16:41'),
('91','9','1110','11','Main','available',NULL,NULL,'2025-11-19 00:31:29','2025-12-21 14:16:41'),
('92','9','1111','11','Main','available',NULL,NULL,'2025-11-19 00:31:29','2025-12-21 14:16:41'),
('93','10','1112','11','Main','available',NULL,NULL,'2025-11-19 00:31:29','2025-12-21 14:16:41'),
('94','10','1114','11','Main','available',NULL,NULL,'2025-11-19 00:31:29','2025-12-21 14:16:41'),
('95','10','1115','11','Main','available',NULL,NULL,'2025-11-19 00:31:29','2025-12-21 14:16:41'),
('96','10','1116','11','Main','available',NULL,NULL,'2025-11-19 00:31:29','2025-12-21 14:16:41'),
('97','10','1117','11','Main','available',NULL,NULL,'2025-11-19 00:31:29','2025-12-21 14:16:41'),
('98','10','1118','11','Main','available',NULL,NULL,'2025-11-19 00:31:29','2025-12-21 14:16:41'),
('99','10','1119','11','Main','available',NULL,NULL,'2025-11-19 00:31:29','2025-12-21 14:16:41'),
('100','10','1120','11','Main','available',NULL,NULL,'2025-11-19 00:31:29','2025-12-21 14:16:41'),
('101','10','1121','11','Main','available',NULL,NULL,'2025-11-19 00:31:29','2025-12-21 14:16:41'),
('102','10','1122','11','Main','available',NULL,NULL,'2025-11-19 00:31:29','2025-12-21 14:16:41'),
('103','10','1123','11','Main','available',NULL,NULL,'2025-11-19 00:31:29','2025-12-21 14:16:41'),
('104','11','1201','12','Main','available',NULL,NULL,'2025-11-19 00:31:29','2025-12-21 14:16:50'),
('105','11','1202','12','Main','available',NULL,NULL,'2025-11-19 00:31:29','2025-12-21 14:16:50'),
('106','11','1203','12','Main','available',NULL,NULL,'2025-11-19 00:31:29','2025-12-21 14:16:50'),
('107','11','1204','12','Main','available',NULL,NULL,'2025-11-19 00:31:29','2025-12-21 14:16:50'),
('108','11','1205','12','Main','available',NULL,NULL,'2025-11-19 00:31:29','2025-12-21 14:16:50'),
('109','11','1206','12','Main','available',NULL,NULL,'2025-11-19 00:31:29','2025-12-21 14:16:50'),
('110','11','1207','12','Main','available',NULL,NULL,'2025-11-19 00:31:29','2025-12-21 14:16:50'),
('111','11','1208','12','Main','available',NULL,NULL,'2025-11-19 00:31:29','2025-12-21 14:16:50'),
('112','11','1209','12','Main','available',NULL,NULL,'2025-11-19 00:31:29','2025-12-21 14:16:50'),
('113','11','1210','12','Main','available',NULL,NULL,'2025-11-19 00:31:29','2025-12-21 14:16:50'),
('114','12','1211','12','Main','available',NULL,NULL,'2025-11-19 00:31:29','2025-12-21 14:16:50'),
('115','12','1212','12','Main','available',NULL,NULL,'2025-11-19 00:31:29','2025-12-21 14:16:50'),
('116','12','1214','12','Main','available',NULL,NULL,'2025-11-19 00:31:29','2025-12-21 14:16:50'),
('117','12','1215','12','Main','available',NULL,NULL,'2025-11-19 00:31:29','2025-12-21 14:16:50'),
('118','12','1216','12','Main','available',NULL,NULL,'2025-11-19 00:31:29','2025-12-21 14:16:50'),
('119','13','1217','12','Main','available',NULL,NULL,'2025-11-19 00:31:29','2025-12-21 14:16:50'),
('120','13','1218','12','Main','available',NULL,NULL,'2025-11-19 00:31:29','2025-12-21 14:16:50'),
('121','13','1219','12','Main','available',NULL,NULL,'2025-11-19 00:31:29','2025-12-21 14:16:50'),
('122','13','1220','12','Main','available',NULL,NULL,'2025-11-19 00:31:29','2025-12-21 14:16:50'),
('0','10','706','7','Main','available','','0000-00-00 00:00:00','2025-12-15 12:02:40','2025-12-21 14:15:58');

-- Table structure for table `service_bookings`
DROP TABLE IF EXISTS `service_bookings`;
CREATE TABLE `service_bookings` (
  `service_booking_id` int(11) NOT NULL,
  `booking_id` int(11) DEFAULT NULL,
  `user_id` int(11) NOT NULL,
  `service_id` int(11) NOT NULL,
  `quantity` int(11) DEFAULT 1,
  `unit_price` decimal(10,2) NOT NULL,
  `total_price` decimal(10,2) NOT NULL,
  `service_date` date DEFAULT NULL,
  `service_time` time DEFAULT NULL,
  `special_requests` text DEFAULT NULL,
  `status` enum('pending','confirmed','completed','cancelled') DEFAULT 'pending',
  `created_at` timestamp NOT NULL DEFAULT current_timestamp(),
  `updated_at` timestamp NOT NULL DEFAULT current_timestamp() ON UPDATE current_timestamp()
) ENGINE=InnoDB DEFAULT CHARSET=utf8mb4 COLLATE=utf8mb4_unicode_ci;

-- Table structure for table `service_packages`
DROP TABLE IF EXISTS `service_packages`;
CREATE TABLE `service_packages` (
  `package_id` int(11) NOT NULL,
  `service_id` int(11) NOT NULL,
  `package_name` varchar(200) NOT NULL,
  `package_name_en` varchar(100) DEFAULT NULL,
  `slug` varchar(200) NOT NULL,
  `description` text DEFAULT NULL,
  `description_en` text DEFAULT NULL,
  `features` text DEFAULT NULL COMMENT 'Danh sách tính năng, phân cách bởi dấu phẩy',
  `price` decimal(10,2) NOT NULL,
  `price_unit` varchar(50) DEFAULT 'VNĐ',
  `is_featured` tinyint(1) DEFAULT 0,
  `is_available` tinyint(1) DEFAULT 1,
  `sort_order` int(11) DEFAULT 0,
  `created_at` timestamp NOT NULL DEFAULT current_timestamp(),
  `updated_at` timestamp NOT NULL DEFAULT current_timestamp() ON UPDATE current_timestamp()
) ENGINE=InnoDB DEFAULT CHARSET=utf8mb4 COLLATE=utf8mb4_unicode_ci;

-- Dumping data for table `service_packages`
INSERT INTO `service_packages` VALUES
('1','1','Gói Cơ bản',NULL,'wedding-basic','Gói tiệc cưới cơ bản cho 200-300 khách.',NULL,'Sảnh tiệc 200-300 khách,Trang trí cơ bản,Menu 8 món,Âm thanh ánh sáng,Bàn ghế tiêu chuẩn,Backdrop sân khấu','15000000.00','VNĐ','0','1','1','2025-11-19 01:34:50','2025-11-19 01:34:50'),
('2','1','Gói Tiêu chuẩn',NULL,'wedding-standard','Gói tiệc cưới tiêu chuẩn cho 400-500 khách.',NULL,'Sảnh tiệc 400-500 khách,Trang trí theo chủ đề,Menu 10 món + tráng miệng,Âm thanh ánh sáng cao cấp,Bàn ghế VIP,Backdrop + Cổng hoa,MC chuyên nghiệp,Nhiếp ảnh cơ bản','25000000.00','VNĐ','1','1','2','2025-11-19 01:34:50','2025-11-19 01:34:50'),
('3','1','Gói VIP',NULL,'wedding-vip','Gói tiệc cưới VIP cho 600-800 khách.',NULL,'Sảnh tiệc 600-800 khách,Trang trí sang trọng,Menu 12 món + buffet tráng miệng,Âm thanh ánh sáng 3D,Bàn ghế VIP cao cấp,Backdrop + Cổng hoa + Sân khấu,MC + Ban nhạc,Nhiếp ảnh + Quay phim,Trang điểm cô dâu,Xe hoa','40000000.00','VNĐ','1','1','3','2025-11-19 01:34:50','2025-11-19 01:34:50'),
('4','3','Buffet Sáng',NULL,'restaurant-breakfast','Buffet sáng với hơn 50 món Á - Âu.',NULL,'Hơn 50 món ăn,Phở - Bún - Cháo,Bánh mì - Xúc xích,Trứng các loại,Hoa quả tươi,Nước ép - Cà phê,Thời gian: 6h-10h','200000.00','VNĐ/người','0','1','1','2025-11-19 01:34:50','2025-11-19 01:34:50'),
('5','3','Buffet Trưa/Tối',NULL,'restaurant-lunch-dinner','Buffet trưa hoặc tối với hơn 100 món.',NULL,'Hơn 100 món ăn,Hải sản tươi sống,Sushi Nhật Bản,BBQ Hàn Quốc,Món Việt truyền thống,Món Âu cao cấp,Tráng miệng đa dạng,Nước uống không giới hạn','350000.00','VNĐ/người','1','1','2','2025-11-19 01:34:50','2025-11-19 01:34:50'),
('6','3','Set Menu VIP',NULL,'restaurant-set-menu','Set menu cao cấp phục vụ riêng.',NULL,'Khai vị cao cấp,Súp đặc biệt,Món chính (Bò/Hải sản),Món phụ,Tráng miệng,Rượu vang,Phục vụ riêng tư,Không gian VIP','800000.00','VNĐ/người','1','1','3','2025-11-19 01:34:50','2025-11-19 01:34:50'),
('7','2','Gói Nửa ngày',NULL,'conference-half-day','Gói hội nghị nửa ngày (4 giờ) phù hợp cho 50-100 người.',NULL,'Phòng họp 50-100 người,Projector + Màn hình,Micro không dây,WiFi miễn phí,Coffee break 1 lần,Bảng Flipchart','6000000.00','VNĐ/4 giờ','0','1','1','2025-11-19 01:34:50','2025-11-19 07:16:32'),
('8','2','Gói Cả ngày',NULL,'conference-full-day','Gói hội nghị cả ngày (8 giờ) cho 100-200 người.',NULL,'Phòng họp 100-200 người,Màn hình LED lớn,Hệ thống âm thanh cao cấp,WiFi tốc độ cao,Coffee break 2 lần,Buffet trưa,Bảng Flipchart + Bút,Hỗ trợ kỹ thuật','9000000.00','VNĐ/8 giờ','1','1','2','2025-11-19 01:34:50','2025-11-19 01:34:50'),
('9','2','Gói VIP',NULL,'conference-vip','Gói hội nghị VIP cho 200-300 người.',NULL,'Phòng hội nghị 200-300 người,Màn hình LED 3D,Âm thanh chuyên nghiệp,WiFi doanh nghiệp,Coffee break 3 lần,Buffet trưa + tối,Phòng VIP cho ban tổ chức,Ghi hình chuyên nghiệp,Hỗ trợ kỹ thuật 24/7','15000000.00','VNĐ/ngày','1','1','3','2025-11-19 01:34:50','2025-11-19 01:34:50'),
('10','4','Studio 20m²',NULL,'office-studio','Văn phòng Studio cho 2-3 người.',NULL,'Diện tích 20m²,2-3 người,Bàn làm việc,Ghế ergonomic,Tủ tài liệu,Điều hòa,WiFi 1Gbps','3000000.00','VNĐ/tháng','0','1','1','2025-11-19 01:34:50','2025-11-19 01:34:50'),
('11','4','Standard 40m²',NULL,'office-standard','Văn phòng Standard cho 5-8 người.',NULL,'Diện tích 40m²,5-8 người,Bàn làm việc,Ghế ergonomic,Tủ tài liệu,Điều hòa,WiFi 1Gbps,Phòng họp chung','5500000.00','VNĐ/tháng','1','1','2','2025-11-19 01:34:50','2025-11-19 01:34:50'),
('12','4','Premium 80m²',NULL,'office-premium','Văn phòng Premium cho 10-15 người.',NULL,'Diện tích 80m²,10-15 người,Bàn làm việc cao cấp,Ghế ergonomic,Tủ tài liệu,Điều hòa trung tâm,WiFi 1Gbps,Phòng họp riêng,Khu pantry riêng','8000000.00','VNĐ/tháng','1','1','3','2025-11-19 01:34:50','2025-11-19 01:34:50');

-- Table structure for table `services`
DROP TABLE IF EXISTS `services`;
CREATE TABLE `services` (
  `service_id` int(11) NOT NULL AUTO_INCREMENT,
  `service_name` varchar(255) NOT NULL,
  `service_name_en` varchar(100) DEFAULT NULL,
  `slug` varchar(255) NOT NULL,
  `category` enum('room_service','spa','restaurant','event','transport','laundry','other') NOT NULL,
  `description` text DEFAULT NULL,
  `description_en` text DEFAULT NULL,
  `short_description` varchar(255) DEFAULT NULL,
  `short_description_en` varchar(500) DEFAULT NULL,
  `icon` varchar(100) DEFAULT 'room_service',
  `price` decimal(10,2) NOT NULL,
  `price_unit` varchar(50) DEFAULT NULL,
  `thumbnail` varchar(255) DEFAULT NULL,
  `images` text DEFAULT NULL,
  `is_available` tinyint(1) DEFAULT 1,
  `is_featured` tinyint(1) DEFAULT 0,
  `sort_order` int(11) DEFAULT 0,
  `created_at` timestamp NOT NULL DEFAULT current_timestamp(),
  `updated_at` timestamp NOT NULL DEFAULT current_timestamp() ON UPDATE current_timestamp(),
  PRIMARY KEY (`service_id`)
) ENGINE=InnoDB AUTO_INCREMENT=15 DEFAULT CHARSET=utf8mb4 COLLATE=utf8mb4_unicode_ci;

-- Dumping data for table `services`
INSERT INTO `services` VALUES
('1','Tổ chức tiệc cưới','Wedding Services','wedding-service','event','Aurora Hotel Plaza tự hào là địa điểm tổ chức tiệc cưới hàng đầu tại Đồng Nai với sảnh tiệc sang trọng 500m², sức chứa lên đến 800 khách. Đội ngũ chuyên nghiệp với hơn 500 tiệc cưới thành công.','Complete wedding planning and hosting services with elegant venues.','Sảnh tiệc 500m², sức chứa 800 khách, dịch vụ trọn gói','Elegant wedding venues and planning','celebration','0.00','Liên hệ','assets/img/post/wedding/tiec-cuoi-tai-aurora-1.jpg',NULL,'1','1','1','2025-11-19 01:34:50','2025-12-16 23:52:56'),
('2','Tổ chức hội nghị','Conference & Events','conference-service','event','Phòng hội nghị hiện đại với 5 phòng họp đa năng, sức chứa từ 20-300 người. Trang bị đầy đủ thiết bị hiện đại, WiFi tốc độ cao, dịch vụ coffee break và buffet.','Professional conference rooms and event spaces with full equipment.','Phòng họp hiện đại, thiết bị đầy đủ, WiFi tốc độ cao','Professional meeting spaces','meeting_room','5000000.00','VNĐ','assets/img/service/meet/hoi-nghi-aurora-5.jpg',NULL,'1','1','2','2025-11-19 01:34:50','2025-12-21 15:21:41'),
('3','Nhà hàng Aurora','Aurora Restaurant','aurora-restaurant','restaurant','Nhà hàng sang trọng với sức chứa 200 khách, view thành phố tuyệt đẹp. Buffet đa dạng hơn 100 món Á-Âu: hải sản tươi sống, sushi Nhật Bản, BBQ Hàn Quốc, món Việt truyền thống.','Fine dining experience with Vietnamese and international cuisine.','Buffet 100+ món Á-Âu, view đẹp, đầu bếp 5 sao','Fine dining restaurant','restaurant','350000.00','VNĐ/người','assets/img/restaurant/nha-hang-aurora-hotel-2.jpg',NULL,'1','1','3','2025-11-19 01:34:50','2025-12-21 15:21:27'),
('4','Văn phòng cho thuê','Office Rental','office-rental','other','Văn phòng hiện đại với 3 loại: Studio 20m², Standard 40m², Premium 80m². Đầy đủ nội thất, WiFi 1Gbps, phòng họp chung, bảo vệ 24/7.','Premium office spaces for rent with business amenities.','Văn phòng đầy đủ nội thất, WiFi 1Gbps, tiện ích đầy đủ','Premium office spaces','business_center','8000000.00','VNĐ/tháng','assets/img/service/office/van-phong-cho-thue-aurora-2.jpg',NULL,'1','1','4','2025-11-19 01:34:50','2025-12-21 15:22:32'),
('5','Rooftop Bar',NULL,'rooftop-bar','restaurant','Quầy bar tầng thượng với view 360 độ thành phố Biên Hòa. Không gian sang trọng, âm nhạc sống mỗi tối thứ 6-7. Menu cocktail đa dạng.',NULL,'Bar tầng thượng, view 360°, cocktail đa dạng, nhạc sống',NULL,'local_bar','150000.00','VNĐ/ly','assets/img/post/restaurant/rooftop-bar-1.jpg',NULL,'1','1','5','2025-11-19 01:34:50','2025-12-21 15:15:40'),
('6','Dịch vụ phòng 24/7',NULL,'room-service-24-7','room_service','Dịch vụ phòng hoạt động 24/7 với thực đơn đa dạng hơn 50 món.',NULL,'Gọi món ăn, đồ uống phục vụ tận phòng 24/7',NULL,'room_service','0.00','Miễn phí',NULL,NULL,'1','0','6','2025-11-19 01:34:50','2025-11-19 01:34:50'),
('7','Dọn phòng hàng ngày',NULL,'daily-housekeeping','room_service','Dịch vụ dọn phòng hàng ngày với đội ngũ chuyên nghiệp.',NULL,'Dọn dẹp và thay đổi khăn giường mỗi ngày',NULL,'cleaning_services','0.00','Miễn phí',NULL,NULL,'1','0','7','2025-11-19 01:34:50','2025-11-19 01:34:50'),
('8','Giặt ủi cao cấp',NULL,'laundry-service','laundry','Dịch vụ giặt ủi chuyên nghiệp với máy móc hiện đại.',NULL,'Giặt ủi quần áo chuyên nghiệp, giao nhận tận phòng',NULL,'local_laundry_service','50000.00','VNĐ/kg',NULL,NULL,'1','0','8','2025-11-19 01:34:50','2025-11-19 01:34:50'),
('9','Massage trị liệu',NULL,'therapeutic-massage','spa','Massage trị liệu chuyên sâu giúp giảm căng thẳng, đau nhức cơ bắp.',NULL,'Massage thư giãn toàn thân với tinh dầu thiên nhiên',NULL,'spa','500000.00','VNĐ/60 phút',NULL,NULL,'1','1','9','2025-11-19 01:34:50','2025-11-19 01:34:50'),
('10','Sauna & Jacuzzi',NULL,'sauna-jacuzzi','spa','Phòng xông hơi khô và bồn tắm massage cao cấp.',NULL,'Xông hơi khô và bồn tắm nước nóng massage',NULL,'hot_tub','300000.00','VNĐ/45 phút',NULL,NULL,'1','0','10','2025-11-19 01:34:50','2025-11-19 01:34:50'),
('11','Hồ bơi & Gym',NULL,'pool-gym','other','Hồ bơi ngoài trời 25m x 12m và phòng gym 200m² với trang thiết bị Technogym.',NULL,'Hồ bơi ngoài trời và phòng gym hiện đại miễn phí',NULL,'pool','0.00','Miễn phí',NULL,NULL,'1','1','11','2025-11-19 01:34:50','2025-11-19 01:34:50'),
('12','Đưa đón sân bay',NULL,'airport-transfer','transport','Dịch vụ đưa đón sân bay Tân Sơn Nhất bằng xe sang.',NULL,'Xe đưa đón sân bay Tân Sơn Nhất tiện lợi, an toàn',NULL,'local_taxi','500000.00','VNĐ/chuyến',NULL,NULL,'1','0','12','2025-11-19 01:34:50','2025-11-19 01:34:50'),
('13','Thuê xe tự lái',NULL,'car-rental','transport','Cho thuê xe tự lái đa dạng dòng xe 4-7 chỗ.',NULL,'Thuê xe tự lái 4-7 chỗ, xe mới, bảo hiểm đầy đủ',NULL,'directions_car','800000.00','VNĐ/ngày',NULL,NULL,'1','0','13','2025-11-19 01:34:50','2025-11-19 01:34:50'),
('14','Trông trẻ',NULL,'babysitting','other','Dịch vụ trông trẻ chuyên nghiệp, an toàn cho trẻ từ 6 tháng đến 12 tuổi.',NULL,'Dịch vụ trông trẻ an toàn, chuyên nghiệp, giám sát camera',NULL,'child_care','100000.00','VNĐ/giờ',NULL,NULL,'1','0','14','2025-11-19 01:34:50','2025-11-19 01:34:50');

-- Table structure for table `system_settings`
DROP TABLE IF EXISTS `system_settings`;
CREATE TABLE `system_settings` (
  `setting_id` int(11) NOT NULL,
  `setting_key` varchar(100) NOT NULL,
  `setting_value` text DEFAULT NULL,
  `setting_type` enum('string','number','boolean','json') DEFAULT 'string',
  `description` varchar(255) DEFAULT NULL,
  `updated_by` int(11) DEFAULT NULL,
  `updated_at` timestamp NOT NULL DEFAULT current_timestamp() ON UPDATE current_timestamp()
) ENGINE=InnoDB DEFAULT CHARSET=utf8mb4 COLLATE=utf8mb4_unicode_ci;

-- Dumping data for table `system_settings`
INSERT INTO `system_settings` VALUES
('10','site_name','Aurora Hotel Plaza','string','Tên website','22','2025-11-18 23:47:27'),
('11','site_email','info@aurorahotel.com','string','Email liên hệ','22','2025-11-18 23:47:27'),
('12','site_phone','+84 251 3511 888','string','Số điện thoại','22','2025-11-18 23:47:27'),
('13','booking_advance_days','365','number','Số ngày tối đa có thể đặt trước','22','2025-11-18 23:47:27'),
('14','cancellation_hours','24','number','Số giờ trước khi check-in có thể hủy miễn phí','22','2025-11-18 23:47:27'),
('15','points_per_vnd','10000','number','Số điểm tích lũy trên 1 VND (1 điểm/10,000 VND)','22','2025-11-18 23:47:27'),
('16','min_booking_amount','500000','number','Số tiền đặt phòng tối thiểu',NULL,'2025-11-17 17:18:49'),
('17','tax_percentage','10','number','Thuế VAT (%)',NULL,'2025-11-17 17:18:49'),
('18','service_charge_percentage','5','number','Phí dịch vụ (%)',NULL,'2025-11-17 17:18:49'),
('22','site_address','Hà Nội, Việt Nam','string',NULL,'22','2025-11-18 23:47:27'),
('24','booking_min_nights','1','string',NULL,'22','2025-11-18 23:47:27'),
('25','booking_max_nights','30','string',NULL,'22','2025-11-18 23:47:27'),
('27','late_checkout_fee','50000','string',NULL,'22','2025-11-18 23:47:27'),
('28','early_checkin_fee','50000','string',NULL,'22','2025-11-18 23:47:27'),
('29','allow_guest_booking','1','string',NULL,'22','2025-11-18 23:47:27'),
('30','tax_rate','8','string',NULL,'22','2025-11-18 23:47:27'),
('31','service_charge_rate','5','string',NULL,'22','2025-11-18 23:47:27'),
('33','points_expiry_days','365','string',NULL,'22','2025-11-18 23:47:27'),
('34','email_notifications','1','string',NULL,'22','2025-11-18 23:47:27'),
('0','hotel_star_rating','4','string','Số sao khách sạn',NULL,'2025-12-21 18:17:07'),
('0','hotel_address','253 Phạm Văn Thuận, KP 17, Phường Tam Hiệp, Tỉnh Đồng Nai','string','Địa chỉ khách sạn',NULL,'2025-12-21 18:17:07'),
('0','hotel_hotline','0251 3918 888','string','Hotline khách sạn',NULL,'2025-12-21 18:17:07'),
('0','currency','VNĐ','string','Đơn vị tiền tệ',NULL,'2025-12-21 18:17:07'),
('0','tax_info','Đã bao gồm 5% phí dịch vụ và 8% VAT','string','Thông tin thuế và phí',NULL,'2025-12-21 18:17:07'),
('0','extra_bed_price','650000','string','Giá giường phụ (VND)',NULL,'2025-12-21 18:17:07'),
('0','short_stay_max_hours','4','string','Số giờ tối đa cho nghỉ ngắn',NULL,'2025-12-21 18:17:07'),
('0','short_stay_checkout_before','22:00','string','Giờ checkout tối đa cho nghỉ ngắn',NULL,'2025-12-21 18:17:07'),
('0','hotel_star_rating','4','string','Số sao khách sạn',NULL,'2025-12-21 18:35:24'),
('0','hotel_address','253 Phạm Văn Thuận, KP 17, Phường Tam Hiệp, Tỉnh Đồng Nai','string','Địa chỉ khách sạn',NULL,'2025-12-21 18:35:24'),
('0','hotel_hotline','0251 3918 888','string','Hotline khách sạn',NULL,'2025-12-21 18:35:24'),
('0','currency','VNĐ','string','Đơn vị tiền tệ',NULL,'2025-12-21 18:35:24'),
('0','tax_info','Đã bao gồm 5% phí dịch vụ và 8% VAT','string','Thông tin thuế và phí',NULL,'2025-12-21 18:35:24'),
('0','extra_bed_price','650000','string','Giá giường phụ (VND)',NULL,'2025-12-21 18:35:24'),
('0','short_stay_max_hours','4','string','Số giờ tối đa cho nghỉ ngắn',NULL,'2025-12-21 18:35:24'),
('0','short_stay_checkout_before','22:00','string','Giờ checkout tối đa cho nghỉ ngắn',NULL,'2025-12-21 18:35:24');

-- Table structure for table `translations`
DROP TABLE IF EXISTS `translations`;
CREATE TABLE `translations` (
  `id` int(11) NOT NULL AUTO_INCREMENT,
  `table_name` varchar(50) NOT NULL,
  `record_id` int(11) NOT NULL,
  `field_name` varchar(50) NOT NULL,
  `language_code` varchar(5) NOT NULL DEFAULT 'en',
  `translated_text` text DEFAULT NULL,
  `created_at` timestamp NULL DEFAULT current_timestamp(),
  `updated_at` timestamp NULL DEFAULT current_timestamp() ON UPDATE current_timestamp(),
  PRIMARY KEY (`id`),
  UNIQUE KEY `unique_translation` (`table_name`,`record_id`,`field_name`,`language_code`),
  KEY `idx_lookup` (`table_name`,`record_id`,`language_code`)
) ENGINE=InnoDB DEFAULT CHARSET=utf8mb4 COLLATE=utf8mb4_unicode_ci;

-- Table structure for table `user_loyalty`
DROP TABLE IF EXISTS `user_loyalty`;
CREATE TABLE `user_loyalty` (
  `loyalty_id` int(11) NOT NULL AUTO_INCREMENT,
  `user_id` int(11) NOT NULL,
  `current_points` int(11) DEFAULT 0,
  `lifetime_points` int(11) DEFAULT 0,
  `tier_id` int(11) DEFAULT NULL,
  `tier_updated_at` timestamp NULL DEFAULT NULL,
  `created_at` timestamp NOT NULL DEFAULT current_timestamp(),
  `updated_at` timestamp NOT NULL DEFAULT current_timestamp() ON UPDATE current_timestamp(),
  PRIMARY KEY (`loyalty_id`),
  UNIQUE KEY `user_id` (`user_id`)
) ENGINE=InnoDB AUTO_INCREMENT=22 DEFAULT CHARSET=utf8mb4 COLLATE=utf8mb4_unicode_ci;

-- Dumping data for table `user_loyalty`
INSERT INTO `user_loyalty` VALUES
('15','7','34100','34100',NULL,NULL,'2025-12-15 14:18:18','2025-12-21 19:04:13');

-- Table structure for table `user_sessions`
DROP TABLE IF EXISTS `user_sessions`;
CREATE TABLE `user_sessions` (
  `session_id` varchar(255) NOT NULL,
  `user_id` int(11) NOT NULL,
  `ip_address` varchar(45) DEFAULT NULL,
  `user_agent` text DEFAULT NULL,
  `last_activity` timestamp NOT NULL DEFAULT current_timestamp() ON UPDATE current_timestamp(),
  `created_at` timestamp NOT NULL DEFAULT current_timestamp()
) ENGINE=InnoDB DEFAULT CHARSET=utf8mb4 COLLATE=utf8mb4_unicode_ci;

-- Table structure for table `users`
DROP TABLE IF EXISTS `users`;
CREATE TABLE `users` (
  `user_id` int(11) NOT NULL AUTO_INCREMENT,
  `email` varchar(255) NOT NULL,
  `password_hash` varchar(255) NOT NULL,
  `full_name` varchar(255) NOT NULL,
  `phone` varchar(20) DEFAULT NULL,
  `address` text DEFAULT NULL,
  `date_of_birth` date DEFAULT NULL,
  `gender` enum('male','female','other') DEFAULT NULL,
  `avatar` varchar(255) DEFAULT NULL,
  `user_role` enum('customer','receptionist','sale','admin') DEFAULT 'customer',
  `status` enum('active','inactive','banned') DEFAULT 'active',
  `email_verified` tinyint(1) DEFAULT 0,
  `created_at` timestamp NOT NULL DEFAULT current_timestamp(),
  `updated_at` timestamp NOT NULL DEFAULT current_timestamp() ON UPDATE current_timestamp(),
  `last_login` timestamp NULL DEFAULT NULL,
  `temp_password` varchar(255) DEFAULT NULL,
  `temp_password_expires` timestamp NULL DEFAULT NULL,
  `requires_password_change` tinyint(1) DEFAULT 0,
  PRIMARY KEY (`user_id`),
  UNIQUE KEY `email` (`email`)
) ENGINE=InnoDB AUTO_INCREMENT=8 DEFAULT CHARSET=utf8mb4 COLLATE=utf8mb4_unicode_ci;

-- Dumping data for table `users`
INSERT INTO `users` VALUES
('7','admin@aurorahotelplaza.com','$2y$10$eUchqcXU.rshUBkIe9QyrOenoefdMl6zPtU/mQ5U3BNp1dxMLZ50m','Administrator','0123456789',NULL,NULL,NULL,NULL,'admin','active','1','2025-12-15 14:18:18','2025-12-21 18:17:01','2025-12-21 18:17:01',NULL,NULL,'0');

-- Table structure for table `v_booking_stats`
DROP TABLE IF EXISTS `v_booking_stats`;
CREATE TABLE `v_booking_stats` (
  `booking_date` date DEFAULT NULL,
  `total_bookings` bigint(21) NOT NULL DEFAULT 0,
  `confirmed_bookings` decimal(22,0) DEFAULT NULL,
  `cancelled_bookings` decimal(22,0) DEFAULT NULL,
  `total_revenue` decimal(32,2) DEFAULT NULL,
  `avg_booking_value` decimal(14,6) DEFAULT NULL
) ENGINE=MyISAM DEFAULT CHARSET=latin1 COLLATE=latin1_swedish_ci;

-- Table structure for table `v_revenue_by_room_type`
DROP TABLE IF EXISTS `v_revenue_by_room_type`;
CREATE TABLE `v_revenue_by_room_type` (
  `room_type_id` int(11) NOT NULL DEFAULT 0,
  `type_name` varchar(100) CHARACTER SET utf8mb4 COLLATE utf8mb4_unicode_ci NOT NULL,
  `category` enum('room','apartment') CHARACTER SET utf8mb4 COLLATE utf8mb4_unicode_ci NOT NULL DEFAULT 'room',
  `total_bookings` bigint(21) NOT NULL DEFAULT 0,
  `total_revenue` decimal(32,2) DEFAULT NULL,
  `avg_revenue` decimal(14,6) DEFAULT NULL,
  `total_nights` decimal(32,0) DEFAULT NULL
) ENGINE=MyISAM DEFAULT CHARSET=latin1 COLLATE=latin1_swedish_ci;

-- Table structure for table `v_room_occupancy`
DROP TABLE IF EXISTS `v_room_occupancy`;
CREATE TABLE `v_room_occupancy` (
  `room_id` int(11) NOT NULL DEFAULT 0,
  `room_number` varchar(20) CHARACTER SET utf8mb4 COLLATE utf8mb4_unicode_ci NOT NULL,
  `type_name` varchar(100) CHARACTER SET utf8mb4 COLLATE utf8mb4_unicode_ci DEFAULT NULL,
  `status` enum('available','occupied','maintenance','cleaning') CHARACTER SET utf8mb4 COLLATE utf8mb4_unicode_ci DEFAULT 'available',
  `total_bookings` bigint(21) NOT NULL DEFAULT 0,
  `total_nights_booked` decimal(32,0) DEFAULT NULL
) ENGINE=MyISAM DEFAULT CHARSET=latin1 COLLATE=latin1_swedish_ci;

-- Table structure for table `v_user_loyalty_summary`
DROP TABLE IF EXISTS `v_user_loyalty_summary`;
CREATE TABLE `v_user_loyalty_summary` (
  `user_id` int(11) NOT NULL DEFAULT 0,
  `full_name` varchar(255) CHARACTER SET utf8mb4 COLLATE utf8mb4_unicode_ci NOT NULL,
  `email` varchar(255) CHARACTER SET utf8mb4 COLLATE utf8mb4_unicode_ci NOT NULL,
  `current_points` int(11) DEFAULT 0,
  `lifetime_points` int(11) DEFAULT 0,
  `tier_name` varchar(50) CHARACTER SET utf8mb4 COLLATE utf8mb4_unicode_ci DEFAULT NULL,
  `discount_percentage` decimal(5,2) DEFAULT 0.00,
  `total_bookings` bigint(21) NOT NULL DEFAULT 0,
  `total_spent` decimal(32,2) DEFAULT NULL
) ENGINE=MyISAM DEFAULT CHARSET=latin1 COLLATE=latin1_swedish_ci;

SET FOREIGN_KEY_CHECKS=1;
